,0
0,<s>
1,VsDebugConsole.exe
2,firefox.exe
3,VsDebugConsole.exe
4,explorer.exe
5,VsDebugConsole.exe
6,firefox.exe
7,Teams.exe
8,explorer.exe
9,SearchApp.exe
10,explorer.exe
11,firefox.exe
12,explorer.exe
13,firefox.exe
14,LeagueClientUx.exe
15,explorer.exe
16,firefox.exe
17,Discord.exe
18,firefox.exe
19,Discord.exe
20,firefox.exe
21,SearchApp.exe
22,notepad.exe
23,firefox.exe
24,explorer.exe
25,firefox.exe
26,explorer.exe
27,firefox.exe
28,explorer.exe
29,LeagueClientUx.exe
30,explorer.exe
31,LeagueClientUx.exe
32,firefox.exe
33,Teams.exe
34,LeagueClientUx.exe
35,firefox.exe
36,Teams.exe
37,firefox.exe
38,League of Legends.exe
39,firefox.exe
40,League of Legends.exe
41,firefox.exe
42,League of Legends.exe
43,firefox.exe
44,League of Legends.exe
45,firefox.exe
46,League of Legends.exe
47,firefox.exe
48,League of Legends.exe
49,firefox.exe
50,League of Legends.exe
51,explorer.exe
52,League of Legends.exe
53,firefox.exe
54,League of Legends.exe
55,firefox.exe
56,League of Legends.exe
57,firefox.exe
58,LeagueClientUx.exe
59,firefox.exe
60,LeagueClientUx.exe
61,firefox.exe
62,League of Legends.exe
63,firefox.exe
64,League of Legends.exe
65,firefox.exe
66,League of Legends.exe
67,firefox.exe
68,LeagueClientUx.exe
69,firefox.exe
70,VsDebugConsole.exe
71,firefox.exe
72,ShellExperienceHost.exe
73,firefox.exe
74,ShellExperienceHost.exe
75,firefox.exe
76,SearchApp.exe
77,firefox.exe
78,explorer.exe
79,vpnui.exe
80,firefox.exe
81,vpndownloader.exe
82,firefox.exe
83,VsDebugConsole.exe
84,notepad.exe
85,Discord.exe
86,firefox.exe
87,Teams.exe
88,explorer.exe
89,notepad++.exe
90,SearchApp.exe
91,explorer.exe
92,cmd.exe
93,explorer.exe
94,firefox.exe
95,vpnui.exe
96,firefox.exe
97,explorer.exe
98,SearchApp.exe
99,explorer.exe
100,Teams.exe
101,explorer.exe
102,devenv.exe
103,explorer.exe
104,devenv.exe
105,Discord.exe
106,devenv.exe
107,Discord.exe
108,devenv.exe
109,explorer.exe
110,devenv.exe
111,firefox.exe
112,devenv.exe
113,firefox.exe
114,Discord.exe
115,firefox.exe
116,Discord.exe
117,firefox.exe
118,devenv.exe
119,Discord.exe
120,devenv.exe
121,explorer.exe
122,devenv.exe
123,explorer.exe
124,devenv.exe
125,explorer.exe
126,devenv.exe
127,explorer.exe
128,devenv.exe
129,VsDebugConsole.exe
130,steam.exe
131,steamwebhelper.exe
132,steam.exe
133,firefox.exe
134,steam.exe
135,firefox.exe
136,Yakuza0.exe
137,firefox.exe
138,Yakuza0.exe
139,firefox.exe
140,Yakuza0.exe
141,firefox.exe
142,Yakuza0.exe
143,firefox.exe
144,Yakuza0.exe
145,firefox.exe
146,Yakuza0.exe
147,firefox.exe
148,VsDebugConsole.exe
149,<s>
150,explorer.exe
151,SearchApp.exe
152,explorer.exe
153,chrome.exe
154,Zoom.exe
155,chrome.exe
156,explorer.exe
157,Teams.exe
158,chrome.exe
159,Discord.exe
160,Teams.exe
161,chrome.exe
162,Teams.exe
163,chrome.exe
164,firefox.exe
165,chrome.exe
166,firefox.exe
167,chrome.exe
168,firefox.exe
169,chrome.exe
170,firefox.exe
171,chrome.exe
172,firefox.exe
173,chrome.exe
174,firefox.exe
175,chrome.exe
176,Discord.exe
177,chrome.exe
178,SearchApp.exe
179,explorer.exe
180,Talkdesk.exe
181,chrome.exe
182,Talkdesk.exe
183,chrome.exe
184,Discord.exe
185,chrome.exe
186,Discord.exe
187,chrome.exe
188,Discord.exe
189,chrome.exe
190,Discord.exe
191,ScreenClippingHost.exe
192,Discord.exe
193,explorer.exe
194,msedge.exe
195,Discord.exe
196,chrome.exe
197,Discord.exe
198,chrome.exe
199,firefox.exe
200,Discord.exe
201,msedge.exe
202,explorer.exe
203,Talkdesk.exe
204,firefox.exe
205,chrome.exe
206,Talkdesk.exe
207,Discord.exe
208,Talkdesk.exe
209,chrome.exe
210,Discord.exe
211,Talkdesk.exe
212,Discord.exe
213,chrome.exe
214,Talkdesk.exe
215,chrome.exe
216,Talkdesk.exe
217,chrome.exe
218,Discord.exe
219,chrome.exe
220,Discord.exe
221,chrome.exe
222,Discord.exe
223,chrome.exe
224,Discord.exe
225,chrome.exe
226,Discord.exe
227,chrome.exe
228,Teams.exe
229,chrome.exe
230,Teams.exe
231,explorer.exe
232,Teams.exe
233,Discord.exe
234,Teams.exe
235,chrome.exe
236,Teams.exe
237,ScreenClippingHost.exe
238,Teams.exe
239,chrome.exe
240,Talkdesk.exe
241,chrome.exe
242,Talkdesk.exe
243,chrome.exe
244,Talkdesk.exe
245,chrome.exe
246,Teams.exe
247,chrome.exe
248,Talkdesk.exe
249,chrome.exe
250,Talkdesk.exe
251,chrome.exe
252,Talkdesk.exe
253,chrome.exe
254,Talkdesk.exe
255,chrome.exe
256,Talkdesk.exe
257,chrome.exe
258,Talkdesk.exe
259,chrome.exe
260,Talkdesk.exe
261,chrome.exe
262,Talkdesk.exe
263,chrome.exe
264,Teams.exe
265,chrome.exe
266,Discord.exe
267,Teams.exe
268,chrome.exe
269,Teams.exe
270,OUTLOOK.EXE
271,chrome.exe
272,Discord.exe
273,OUTLOOK.EXE
274,Discord.exe
275,chrome.exe
276,Discord.exe
277,chrome.exe
278,firefox.exe
279,SearchApp.exe
280,explorer.exe
281,firefox.exe
282,obs64.exe
283,firefox.exe
284,obs64.exe
285,explorer.exe
286,obs64.exe
287,explorer.exe
288,firefox.exe
289,ShellExperienceHost.exe
290,chrome.exe
291,firefox.exe
292,obs64.exe
293,chrome.exe
294,explorer.exe
295,chrome.exe
296,explorer.exe
297,chrome.exe
298,obs64.exe
299,explorer.exe
300,vlc.exe
301,explorer.exe
302,vlc.exe
303,explorer.exe
304,vlc.exe
305,explorer.exe
306,vlc.exe
307,explorer.exe
308,vlc.exe
309,explorer.exe
310,vlc.exe
311,obs64.exe
312,firefox.exe
313,Discord.exe
314,chrome.exe
315,Teams.exe
316,chrome.exe
317,Teams.exe
318,chrome.exe
319,Discord.exe
320,chrome.exe
321,Discord.exe
322,vpnui.exe
323,Discord.exe
324,Talkdesk.exe
325,Teams.exe
326,chrome.exe
327,OUTLOOK.EXE
328,chrome.exe
329,Talkdesk.exe
330,chrome.exe
331,Talkdesk.exe
332,Discord.exe
333,firefox.exe
334,chrome.exe
335,firefox.exe
336,chrome.exe
337,Discord.exe
338,Teams.exe
339,chrome.exe
340,firefox.exe
341,Discord.exe
342,chrome.exe
343,Discord.exe
344,chrome.exe
345,Teams.exe
346,chrome.exe
347,Talkdesk.exe
348,chrome.exe
349,Talkdesk.exe
350,chrome.exe
351,Discord.exe
352,chrome.exe
353,Talkdesk.exe
354,chrome.exe
355,Talkdesk.exe
356,chrome.exe
357,Talkdesk.exe
358,chrome.exe
359,Discord.exe
360,chrome.exe
361,Discord.exe
362,chrome.exe
363,Talkdesk.exe
364,chrome.exe
365,Discord.exe
366,chrome.exe
367,Discord.exe
368,chrome.exe
369,Discord.exe
370,chrome.exe
371,Discord.exe
372,chrome.exe
373,Discord.exe
374,Talkdesk.exe
375,chrome.exe
376,Talkdesk.exe
377,chrome.exe
378,Discord.exe
379,chrome.exe
380,Discord.exe
381,chrome.exe
382,Discord.exe
383,chrome.exe
384,Talkdesk.exe
385,chrome.exe
386,Discord.exe
387,chrome.exe
388,Discord.exe
389,chrome.exe
390,Discord.exe
391,firefox.exe
392,Discord.exe
393,chrome.exe
394,explorer.exe
395,firefox.exe
396,Discord.exe
397,firefox.exe
398,chrome.exe
399,explorer.exe
400,firefox.exe
401,Discord.exe
402,firefox.exe
403,Discord.exe
404,firefox.exe
405,Discord.exe
406,chrome.exe
407,Discord.exe
408,chrome.exe
409,ScreenClippingHost.exe
410,chrome.exe
411,Discord.exe
412,chrome.exe
413,Discord.exe
414,chrome.exe
415,Discord.exe
416,chrome.exe
417,Discord.exe
418,chrome.exe
419,Discord.exe
420,chrome.exe
421,Talkdesk.exe
422,Discord.exe
423,chrome.exe
424,Discord.exe
425,chrome.exe
426,Discord.exe
427,chrome.exe
428,Discord.exe
429,chrome.exe
430,Discord.exe
431,chrome.exe
432,Talkdesk.exe
433,chrome.exe
434,Discord.exe
435,chrome.exe
436,Discord.exe
437,chrome.exe
438,Discord.exe
439,chrome.exe
440,Discord.exe
441,chrome.exe
442,Discord.exe
443,chrome.exe
444,Discord.exe
445,firefox.exe
446,Discord.exe
447,firefox.exe
448,Discord.exe
449,chrome.exe
450,Discord.exe
451,chrome.exe
452,Discord.exe
453,chrome.exe
454,Discord.exe
455,Talkdesk.exe
456,Discord.exe
457,Talkdesk.exe
458,chrome.exe
459,firefox.exe
460,chrome.exe
461,explorer.exe
462,chrome.exe
463,Talkdesk.exe
464,chrome.exe
465,Talkdesk.exe
466,chrome.exe
467,firefox.exe
468,chrome.exe
469,Discord.exe
470,Talkdesk.exe
471,Discord.exe
472,chrome.exe
473,Talkdesk.exe
474,chrome.exe
475,Talkdesk.exe
476,chrome.exe
477,Talkdesk.exe
478,chrome.exe
479,Talkdesk.exe
480,chrome.exe
481,Talkdesk.exe
482,chrome.exe
483,Talkdesk.exe
484,Discord.exe
485,chrome.exe
486,Talkdesk.exe
487,chrome.exe
488,Talkdesk.exe
489,chrome.exe
490,Talkdesk.exe
491,chrome.exe
492,Talkdesk.exe
493,chrome.exe
494,Discord.exe
495,Talkdesk.exe
496,chrome.exe
497,Talkdesk.exe
498,chrome.exe
499,Talkdesk.exe
500,chrome.exe
501,ShellExperienceHost.exe
502,chrome.exe
503,Talkdesk.exe
504,chrome.exe
505,Talkdesk.exe
506,chrome.exe
507,Talkdesk.exe
508,chrome.exe
509,Talkdesk.exe
510,chrome.exe
511,Talkdesk.exe
512,chrome.exe
513,Discord.exe
514,chrome.exe
515,Talkdesk.exe
516,chrome.exe
517,Talkdesk.exe
518,chrome.exe
519,Talkdesk.exe
520,chrome.exe
521,Talkdesk.exe
522,chrome.exe
523,Discord.exe
524,Talkdesk.exe
525,chrome.exe
526,Discord.exe
527,chrome.exe
528,Discord.exe
529,chrome.exe
530,Discord.exe
531,chrome.exe
532,Discord.exe
533,chrome.exe
534,Discord.exe
535,chrome.exe
536,Talkdesk.exe
537,OUTLOOK.EXE
538,chrome.exe
539,Talkdesk.exe
540,chrome.exe
541,Talkdesk.exe
542,chrome.exe
543,Discord.exe
544,chrome.exe
545,Discord.exe
546,chrome.exe
547,explorer.exe
548,Zoom.exe
549,firefox.exe
550,Zoom.exe
551,chrome.exe
552,Zoom.exe
553,Discord.exe
554,chrome.exe
555,devenv.exe
556,VsDebugConsole.exe
557,chrome.exe
558,explorer.exe
559,Zoom.exe
560,chrome.exe
561,Discord.exe
562,chrome.exe
563,VsDebugConsole.exe
564,firefox.exe
565,chrome.exe
566,Zoom.exe
567,chrome.exe
568,Zoom.exe
569,chrome.exe
570,Teams.exe
571,chrome.exe
572,Teams.exe
573,chrome.exe
574,Zoom.exe
575,Teams.exe
576,OUTLOOK.EXE
577,chrome.exe
578,explorer.exe
579,Zoom.exe
580,chrome.exe
581,Zoom.exe
582,OUTLOOK.EXE
583,chrome.exe
584,firefox.exe
585,chrome.exe
586,Discord.exe
587,explorer.exe
588,chrome.exe
589,Discord.exe
590,chrome.exe
591,Discord.exe
592,chrome.exe
593,Discord.exe
594,firefox.exe
595,Discord.exe
596,chrome.exe
597,Discord.exe
598,chrome.exe
599,Discord.exe
600,chrome.exe
601,Discord.exe
602,chrome.exe
603,Discord.exe
604,chrome.exe
605,firefox.exe
606,chrome.exe
607,firefox.exe
608,Discord.exe
609,chrome.exe
610,Discord.exe
611,chrome.exe
612,Discord.exe
613,chrome.exe
614,Discord.exe
615,chrome.exe
616,Discord.exe
617,chrome.exe
618,Discord.exe
619,chrome.exe
620,firefox.exe
621,chrome.exe
622,firefox.exe
623,chrome.exe
624,firefox.exe
625,chrome.exe
626,firefox.exe
627,chrome.exe
628,VsDebugConsole.exe
629,firefox.exe
630,chrome.exe
631,firefox.exe
632,chrome.exe
633,SearchApp.exe
634,firefox.exe
635,chrome.exe
636,firefox.exe
637,chrome.exe
638,firefox.exe
639,Discord.exe
640,Talkdesk.exe
641,chrome.exe
642,Zoom.exe
643,Talkdesk.exe
644,chrome.exe
645,Talkdesk.exe
646,chrome.exe
647,OUTLOOK.EXE
648,Zoom.exe
649,Talkdesk.exe
650,Zoom.exe
651,chrome.exe
652,Zoom.exe
653,chrome.exe
654,Zoom.exe
655,chrome.exe
656,Zoom.exe
657,chrome.exe
658,Zoom.exe
659,chrome.exe
660,SearchApp.exe
661,OUTLOOK.EXE
662,firefox.exe
663,chrome.exe
664,OUTLOOK.EXE
665,chrome.exe
666,Zoom.exe
667,explorer.exe
668,OUTLOOK.EXE
669,chrome.exe
670,Discord.exe
671,chrome.exe
672,Discord.exe
673,Zoom.exe
674,explorer.exe
675,OUTLOOK.EXE
676,chrome.exe
677,OUTLOOK.EXE
678,Zoom.exe
679,OUTLOOK.EXE
680,chrome.exe
681,Zoom.exe
682,chrome.exe
683,Talkdesk.exe
684,OUTLOOK.EXE
685,Zoom.exe
686,OUTLOOK.EXE
687,Zoom.exe
688,chrome.exe
689,Zoom.exe
690,chrome.exe
691,Discord.exe
692,chrome.exe
693,Talkdesk.exe
694,chrome.exe
695,firefox.exe
696,chrome.exe
697,firefox.exe
698,chrome.exe
699,firefox.exe
700,chrome.exe
701,firefox.exe
702,chrome.exe
703,Discord.exe
704,chrome.exe
705,Discord.exe
706,chrome.exe
707,Zoom.exe
708,chrome.exe
709,Zoom.exe
710,chrome.exe
711,Zoom.exe
712,chrome.exe
713,Zoom.exe
714,chrome.exe
715,Zoom.exe
716,Discord.exe
717,Zoom.exe
718,chrome.exe
719,Talkdesk.exe
720,Zoom.exe
721,chrome.exe
722,Discord.exe
723,chrome.exe
724,Discord.exe
725,chrome.exe
726,Discord.exe
727,chrome.exe
728,Talkdesk.exe
729,Zoom.exe
730,Discord.exe
731,chrome.exe
732,Zoom.exe
733,chrome.exe
734,Talkdesk.exe
735,chrome.exe
736,Discord.exe
737,chrome.exe
738,firefox.exe
739,Discord.exe
740,chrome.exe
741,firefox.exe
742,chrome.exe
743,Discord.exe
744,chrome.exe
745,firefox.exe
746,devenv.exe
747,explorer.exe
748,SearchApp.exe
749,explorer.exe
750,notepad.exe
751,chrome.exe
752,Discord.exe
753,explorer.exe
754,notepad++.exe
755,Discord.exe
756,chrome.exe
757,Discord.exe
758,chrome.exe
759,explorer.exe
760,devenv.exe
761,chrome.exe
762,Discord.exe
763,chrome.exe
764,Discord.exe
765,Talkdesk.exe
766,chrome.exe
767,devenv.exe
768,explorer.exe
769,chrome.exe
770,Talkdesk.exe
771,chrome.exe
772,Talkdesk.exe
773,chrome.exe
774,Talkdesk.exe
775,chrome.exe
776,Talkdesk.exe
777,chrome.exe
778,Discord.exe
779,OUTLOOK.EXE
780,Discord.exe
781,explorer.exe
782,vpnui.exe
783,explorer.exe
784,slack.exe
785,explorer.exe
786,slack.exe
787,firefox.exe
788,explorer.exe
789,WeChat.exe
790,firefox.exe
791,Discord.exe
792,firefox.exe
793,Discord.exe
794,firefox.exe
795,WeChat.exe
796,firefox.exe
797,WeChat.exe
798,explorer.exe
799,Discord.exe
800,firefox.exe
801,VsDebugConsole.exe
802,firefox.exe
803,explorer.exe
804,firefox.exe
805,steamwebhelper.exe
806,firefox.exe
807,explorer.exe
808,SearchApp.exe
809,explorer.exe
810,firefox.exe
811,RiotClientUx.exe
812,LeagueClient.exe
813,firefox.exe
814,LeagueClientUx.exe
815,firefox.exe
816,LeagueClientUx.exe
817,firefox.exe
818,LeagueClientUx.exe
819,firefox.exe
820,LeagueClientUx.exe
821,firefox.exe
822,explorer.exe
823,firefox.exe
824,League of Legends.exe
825,firefox.exe
826,League of Legends.exe
827,firefox.exe
828,League of Legends.exe
829,firefox.exe
830,League of Legends.exe
831,firefox.exe
832,LeagueClientUx.exe
833,firefox.exe
834,LeagueClientUx.exe
835,firefox.exe
836,LeagueClientUx.exe
837,firefox.exe
838,LeagueClientUx.exe
839,firefox.exe
840,LeagueClientUx.exe
841,firefox.exe
842,Discord.exe
843,firefox.exe
844,League of Legends.exe
845,firefox.exe
846,League of Legends.exe
847,explorer.exe
848,LeagueClientUx.exe
849,Discord.exe
850,RiotClientUx.exe
851,LeagueCrashHandler.exe
852,firefox.exe
853,Discord.exe
854,LeagueClientUx.exe
855,firefox.exe
856,LeagueClientUx.exe
857,firefox.exe
858,LeagueClientUx.exe
859,firefox.exe
860,LeagueClientUx.exe
861,firefox.exe
862,LeagueClientUx.exe
863,firefox.exe
864,League of Legends.exe
865,firefox.exe
866,League of Legends.exe
867,firefox.exe
868,League of Legends.exe
869,firefox.exe
870,League of Legends.exe
871,firefox.exe
872,League of Legends.exe
873,firefox.exe
874,League of Legends.exe
875,firefox.exe
876,LeagueClientUx.exe
877,audacity.exe
878,LeagueClientUx.exe
879,firefox.exe
880,LeagueClientUx.exe
881,audacity.exe
882,firefox.exe
883,audacity.exe
884,League of Legends.exe
885,explorer.exe
886,League of Legends.exe
887,firefox.exe
888,League of Legends.exe
889,firefox.exe
890,League of Legends.exe
891,firefox.exe
892,LeagueClientUx.exe
893,firefox.exe
894,RiotClientUx.exe
895,firefox.exe
896,LeagueClientUx.exe
897,firefox.exe
898,LeagueClientUx.exe
899,firefox.exe
900,LeagueClientUx.exe
901,firefox.exe
902,League of Legends.exe
903,firefox.exe
904,League of Legends.exe
905,firefox.exe
906,League of Legends.exe
907,firefox.exe
908,LeagueClientUx.exe
909,firefox.exe
910,LeagueClientUx.exe
911,firefox.exe
912,LeagueClientUx.exe
913,firefox.exe
914,LeagueClientUx.exe
915,firefox.exe
916,League of Legends.exe
917,firefox.exe
918,VsDebugConsole.exe
919,<s>
920,chrome.exe
921,Teams.exe
922,Talkdesk.exe
923,chrome.exe
924,explorer.exe
925,vpnui.exe
926,chrome.exe
927,Talkdesk.exe
928,chrome.exe
929,Talkdesk.exe
930,chrome.exe
931,Teams.exe
932,chrome.exe
933,Talkdesk.exe
934,chrome.exe
935,Talkdesk.exe
936,chrome.exe
937,SearchApp.exe
938,explorer.exe
939,Talkdesk.exe
940,Zoom.exe
941,chrome.exe
942,Zoom.exe
943,chrome.exe
944,explorer.exe
945,Zoom.exe
946,chrome.exe
947,Zoom.exe
948,chrome.exe
949,Zoom.exe
950,Talkdesk.exe
951,Zoom.exe
952,chrome.exe
953,Zoom.exe
954,chrome.exe
955,Zoom.exe
956,chrome.exe
957,Zoom.exe
958,Talkdesk.exe
959,chrome.exe
960,Teams.exe
961,chrome.exe
962,Teams.exe
963,Discord.exe
964,Teams.exe
965,chrome.exe
966,firefox.exe
967,chrome.exe
968,Teams.exe
969,chrome.exe
970,firefox.exe
971,Teams.exe
972,chrome.exe
973,Discord.exe
974,Talkdesk.exe
975,Discord.exe
976,chrome.exe
977,Talkdesk.exe
978,chrome.exe
979,Talkdesk.exe
980,chrome.exe
981,Discord.exe
982,Talkdesk.exe
983,Discord.exe
984,chrome.exe
985,Talkdesk.exe
986,chrome.exe
987,devenv.exe
988,explorer.exe
989,notepad++.exe
990,Teams.exe
991,chrome.exe
992,Teams.exe
993,chrome.exe
994,Teams.exe
995,chrome.exe
996,Teams.exe
997,notepad++.exe
998,explorer.exe
999,Teams.exe
1000,chrome.exe
1001,notepad++.exe
1002,explorer.exe
1003,devenv.exe
1004,notepad++.exe
1005,SearchApp.exe
1006,explorer.exe
1007,ShellExperienceHost.exe
1008,explorer.exe
1009,Teams.exe
1010,Discord.exe
1011,Teams.exe
1012,chrome.exe
1013,explorer.exe
1014,notepad++.exe
1015,devenv.exe
1016,notepad++.exe
1017,chrome.exe
1018,devenv.exe
1019,notepad++.exe
1020,chrome.exe
1021,notepad++.exe
1022,explorer.exe
1023,ShellExperienceHost.exe
1024,explorer.exe
1025,SearchApp.exe
1026,explorer.exe
1027,chrome.exe
1028,VsDebugConsole.exe
1029,explorer.exe
1030,chrome.exe
1031,explorer.exe
1032,7zFM.exe
1033,explorer.exe
1034,7zFM.exe
1035,explorer.exe
1036,chrome.exe
1037,explorer.exe
1038,SearchApp.exe
1039,explorer.exe
1040,<s>
1041,explorer.exe
1042,DB Browser for SQLite.exe
1043,explorer.exe
1044,chrome.exe
1045,Talkdesk.exe
1046,chrome.exe
1047,Talkdesk.exe
1048,chrome.exe
1049,Talkdesk.exe
1050,Zoom.exe
1051,chrome.exe
1052,Zoom.exe
1053,Discord.exe
1054,Zoom.exe
1055,Discord.exe
1056,Zoom.exe
1057,Talkdesk.exe
1058,Zoom.exe
1059,Talkdesk.exe
1060,Zoom.exe
1061,Discord.exe
1062,Zoom.exe
1063,chrome.exe
1064,Zoom.exe
1065,chrome.exe
1066,Zoom.exe
1067,chrome.exe
1068,Zoom.exe
1069,Discord.exe
1070,chrome.exe
1071,Discord.exe
1072,chrome.exe
1073,Discord.exe
1074,chrome.exe
1075,Zoom.exe
1076,chrome.exe
1077,Discord.exe
1078,Zoom.exe
1079,firefox.exe
1080,Zoom.exe
1081,chrome.exe
1082,Zoom.exe
1083,chrome.exe
1084,Zoom.exe
1085,chrome.exe
1086,Zoom.exe
1087,chrome.exe
1088,Zoom.exe
1089,chrome.exe
1090,Zoom.exe
1091,chrome.exe
1092,Discord.exe
1093,chrome.exe
1094,Teams.exe
1095,chrome.exe
1096,Teams.exe
1097,chrome.exe
1098,firefox.exe
1099,notepad++.exe
1100,SearchApp.exe
1101,Teams.exe
1102,Discord.exe
1103,chrome.exe
1104,Teams.exe
1105,chrome.exe
1106,Teams.exe
1107,chrome.exe
1108,explorer.exe
1109,chrome.exe
1110,Discord.exe
1111,chrome.exe
1112,Talkdesk.exe
1113,chrome.exe
1114,Talkdesk.exe
1115,chrome.exe
1116,Talkdesk.exe
1117,chrome.exe
1118,Talkdesk.exe
1119,chrome.exe
1120,explorer.exe
1121,SearchApp.exe
1122,explorer.exe
1123,chrome.exe
1124,explorer.exe
1125,notepad++.exe
1126,devenv.exe
1127,notepad++.exe
1128,explorer.exe
1129,chrome.exe
1130,Talkdesk.exe
1131,chrome.exe
1132,Discord.exe
1133,Teams.exe
1134,chrome.exe
1135,Talkdesk.exe
1136,chrome.exe
1137,devenv.exe
1138,notepad++.exe
1139,devenv.exe
1140,firefox.exe
1141,chrome.exe
1142,Talkdesk.exe
1143,chrome.exe
1144,Talkdesk.exe
1145,chrome.exe
1146,firefox.exe
1147,explorer.exe
1148,Discord.exe
1149,chrome.exe
1150,Discord.exe
1151,firefox.exe
1152,Discord.exe
1153,firefox.exe
1154,Discord.exe
1155,firefox.exe
1156,Discord.exe
1157,firefox.exe
1158,Discord.exe
1159,firefox.exe
1160,Discord.exe
1161,chrome.exe
1162,firefox.exe
1163,chrome.exe
1164,Talkdesk.exe
1165,chrome.exe
1166,Talkdesk.exe
1167,chrome.exe
1168,Talkdesk.exe
1169,chrome.exe
1170,Talkdesk.exe
1171,chrome.exe
1172,Talkdesk.exe
1173,chrome.exe
1174,Talkdesk.exe
1175,Discord.exe
1176,Talkdesk.exe
1177,Discord.exe
1178,explorer.exe
1179,OUTLOOK.EXE
1180,ScreenClippingHost.exe
1181,Discord.exe
1182,Talkdesk.exe
1183,Discord.exe
1184,chrome.exe
1185,Discord.exe
1186,chrome.exe
1187,explorer.exe
1188,Discord.exe
1189,ScreenClippingHost.exe
1190,Discord.exe
1191,chrome.exe
1192,Discord.exe
1193,chrome.exe
1194,Discord.exe
1195,chrome.exe
1196,Discord.exe
1197,chrome.exe
1198,Discord.exe
1199,chrome.exe
1200,Discord.exe
1201,chrome.exe
1202,notepad++.exe
1203,explorer.exe
1204,notepad++.exe
1205,explorer.exe
1206,notepad++.exe
1207,chrome.exe
1208,Talkdesk.exe
1209,chrome.exe
1210,Discord.exe
1211,chrome.exe
1212,Talkdesk.exe
1213,chrome.exe
1214,Discord.exe
1215,Talkdesk.exe
1216,Discord.exe
1217,chrome.exe
1218,Discord.exe
1219,Talkdesk.exe
1220,Discord.exe
1221,Talkdesk.exe
1222,chrome.exe
1223,Talkdesk.exe
1224,chrome.exe
1225,Discord.exe
1226,chrome.exe
1227,Talkdesk.exe
1228,chrome.exe
1229,Talkdesk.exe
1230,chrome.exe
1231,Talkdesk.exe
1232,Discord.exe
1233,chrome.exe
1234,Discord.exe
1235,chrome.exe
1236,Discord.exe
1237,chrome.exe
1238,Discord.exe
1239,chrome.exe
1240,Discord.exe
1241,chrome.exe
1242,Discord.exe
1243,chrome.exe
1244,Discord.exe
1245,chrome.exe
1246,Discord.exe
1247,chrome.exe
1248,Discord.exe
1249,chrome.exe
1250,Discord.exe
1251,chrome.exe
1252,Talkdesk.exe
1253,Discord.exe
1254,chrome.exe
1255,Discord.exe
1256,chrome.exe
1257,Discord.exe
1258,firefox.exe
1259,chrome.exe
1260,Discord.exe
1261,firefox.exe
1262,chrome.exe
1263,OUTLOOK.EXE
1264,chrome.exe
1265,Talkdesk.exe
1266,chrome.exe
1267,Discord.exe
1268,chrome.exe
1269,Talkdesk.exe
1270,chrome.exe
1271,Talkdesk.exe
1272,chrome.exe
1273,Discord.exe
1274,chrome.exe
1275,Discord.exe
1276,chrome.exe
1277,Discord.exe
1278,Talkdesk.exe
1279,chrome.exe
1280,Discord.exe
1281,chrome.exe
1282,Talkdesk.exe
1283,chrome.exe
1284,Discord.exe
1285,chrome.exe
1286,Discord.exe
1287,Talkdesk.exe
1288,chrome.exe
1289,Discord.exe
1290,chrome.exe
1291,Talkdesk.exe
1292,chrome.exe
1293,Discord.exe
1294,Talkdesk.exe
1295,chrome.exe
1296,Discord.exe
1297,firefox.exe
1298,Discord.exe
1299,chrome.exe
1300,Discord.exe
1301,chrome.exe
1302,Discord.exe
1303,chrome.exe
1304,firefox.exe
1305,chrome.exe
1306,Discord.exe
1307,chrome.exe
1308,Discord.exe
1309,chrome.exe
1310,Discord.exe
1311,chrome.exe
1312,Talkdesk.exe
1313,chrome.exe
1314,Talkdesk.exe
1315,chrome.exe
1316,Teams.exe
1317,Discord.exe
1318,chrome.exe
1319,Discord.exe
1320,chrome.exe
1321,Discord.exe
1322,chrome.exe
1323,Discord.exe
1324,chrome.exe
1325,Discord.exe
1326,chrome.exe
1327,Talkdesk.exe
1328,chrome.exe
1329,Discord.exe
1330,chrome.exe
1331,Discord.exe
1332,chrome.exe
1333,Discord.exe
1334,Talkdesk.exe
1335,Discord.exe
1336,chrome.exe
1337,ScreenClippingHost.exe
1338,chrome.exe
1339,Discord.exe
1340,chrome.exe
1341,Discord.exe
1342,chrome.exe
1343,Discord.exe
1344,chrome.exe
1345,Discord.exe
1346,chrome.exe
1347,Talkdesk.exe
1348,chrome.exe
1349,Talkdesk.exe
1350,chrome.exe
1351,Talkdesk.exe
1352,chrome.exe
1353,Discord.exe
1354,chrome.exe
1355,Discord.exe
1356,chrome.exe
1357,Discord.exe
1358,Talkdesk.exe
1359,chrome.exe
1360,Talkdesk.exe
1361,chrome.exe
1362,Talkdesk.exe
1363,chrome.exe
1364,Talkdesk.exe
1365,chrome.exe
1366,Discord.exe
1367,chrome.exe
1368,Discord.exe
1369,chrome.exe
1370,Talkdesk.exe
1371,chrome.exe
1372,Discord.exe
1373,chrome.exe
1374,Discord.exe
1375,chrome.exe
1376,Discord.exe
1377,chrome.exe
1378,Discord.exe
1379,chrome.exe
1380,Discord.exe
1381,chrome.exe
1382,Discord.exe
1383,chrome.exe
1384,Discord.exe
1385,chrome.exe
1386,explorer.exe
1387,chrome.exe
1388,firefox.exe
1389,chrome.exe
1390,Discord.exe
1391,chrome.exe
1392,Discord.exe
1393,chrome.exe
1394,Discord.exe
1395,chrome.exe
1396,Discord.exe
1397,firefox.exe
1398,VsDebugConsole.exe
1399,explorer.exe
1400,VsDebugConsole.exe
1401,<s>
1402,firefox.exe
1403,cmd.exe
1404,firefox.exe
1405,cmd.exe
1406,firefox.exe
1407,Talkdesk.exe
1408,chrome.exe
1409,firefox.exe
1410,notepad++.exe
1411,cmd.exe
1412,firefox.exe
1413,notepad++.exe
1414,chrome.exe
1415,Discord.exe
1416,chrome.exe
1417,notepad++.exe
1418,cmd.exe
1419,notepad++.exe
1420,explorer.exe
1421,notepad++.exe
1422,explorer.exe
1423,notepad++.exe
1424,explorer.exe
1425,cmd.exe
1426,notepad++.exe
1427,cmd.exe
1428,SearchApp.exe
1429,notepad++.exe
1430,explorer.exe
1431,notepad.exe
1432,explorer.exe
1433,notepad++.exe
1434,Talkdesk.exe
1435,chrome.exe
1436,Talkdesk.exe
1437,chrome.exe
1438,Talkdesk.exe
1439,chrome.exe
1440,Talkdesk.exe
1441,chrome.exe
1442,Talkdesk.exe
1443,chrome.exe
1444,Talkdesk.exe
1445,chrome.exe
1446,Discord.exe
1447,chrome.exe
1448,VsDebugConsole.exe
1449,<s>
1450,chrome.exe
1451,devenv.exe
1452,VsDebugConsole.exe
1453,<s>
1454,Shell_TrayWnd
1455,Chrome_WidgetWin_1
1456,MSTaskListWClass
1457,MozillaWindowClass
1458,ToolbarWindow32
1459,Windows.UI.Core.CoreWindow
1460,MozillaWindowClass
1461,ToolbarWindow32
1462,Windows.UI.Core.CoreWindow
1463,MozillaWindowClass
1464,Button
1465,#32768
1466,MozillaWindowClass
1467,DirectUIHWND
1468,MozillaWindowClass
1469,#32770
1470,MozillaWindowClass
1471,DirectUIHWND
1472,#32770
1473,MozillaWindowClass
1474,ConsoleWindowClass
1475,<s>
1476,explorer.exe
1477,cmd.exe
1478,explorer.exe
1479,firefox.exe
1480,explorer.exe
1481,firefox.exe
1482,explorer.exe
1483,firefox.exe
1484,explorer.exe
1485,ShellExperienceHost.exe
1486,firefox.exe
1487,explorer.exe
1488,ShellExperienceHost.exe
1489,explorer.exe
1490,ShellExperienceHost.exe
1491,firefox.exe
1492,explorer.exe
1493,StartMenuExperienceHost.exe
1494,SearchApp.exe
1495,firefox.exe
1496,Teams.exe
1497,explorer.exe
1498,cmd.exe
1499,firefox.exe
1500,explorer.exe
1501,cmd.exe
1502,explorer.exe
1503,Discord.exe
1504,firefox.exe
1505,explorer.exe
1506,SearchApp.exe
1507,firefox.exe
1508,RiotClientUx.exe
1509,firefox.exe
1510,LeagueClientUx.exe
1511,firefox.exe
1512,cmd.exe
1513,firefox.exe
1514,LeagueClientUx.exe
1515,firefox.exe
1516,explorer.exe
1517,firefox.exe
1518,LeagueClientUx.exe
1519,firefox.exe
1520,explorer.exe
1521,Discord.exe
1522,firefox.exe
1523,LeagueClientUx.exe
1524,firefox.exe
1525,LeagueClientUx.exe
1526,firefox.exe
1527,LeagueClientUx.exe
1528,firefox.exe
1529,LeagueClientUx.exe
1530,firefox.exe
1531,explorer.exe
1532,LeagueClientUx.exe
1533,firefox.exe
1534,LeagueClientUx.exe
1535,firefox.exe
1536,LeagueClientUx.exe
1537,firefox.exe
1538,LeagueClientUx.exe
1539,firefox.exe
1540,explorer.exe
1541,firefox.exe
1542,League of Legends.exe
1543,firefox.exe
1544,LeagueClientUx.exe
1545,firefox.exe
1546,LeagueClientUx.exe
1547,firefox.exe
1548,explorer.exe
1549,LeagueClientUx.exe
1550,firefox.exe
1551,LeagueClientUx.exe
1552,firefox.exe
1553,LeagueClientUx.exe
1554,firefox.exe
1555,LeagueClientUx.exe
1556,firefox.exe
1557,LeagueClientUx.exe
1558,firefox.exe
1559,LeagueClientUx.exe
1560,firefox.exe
1561,LeagueClientUx.exe
1562,firefox.exe
1563,explorer.exe
1564,LeagueClientUx.exe
1565,firefox.exe
1566,LeagueClientUx.exe
1567,firefox.exe
1568,explorer.exe
1569,firefox.exe
1570,League of Legends.exe
1571,firefox.exe
1572,LeagueClientUx.exe
1573,firefox.exe
1574,LeagueClientUx.exe
1575,firefox.exe
1576,LeagueClientUx.exe
1577,firefox.exe
1578,LeagueClientUx.exe
1579,firefox.exe
1580,LeagueClientUx.exe
1581,firefox.exe
1582,LeagueClientUx.exe
1583,firefox.exe
1584,LeagueClientUx.exe
1585,firefox.exe
1586,League of Legends.exe
1587,firefox.exe
1588,LeagueClientUx.exe
1589,firefox.exe
1590,explorer.exe
1591,LeagueClientUx.exe
1592,firefox.exe
1593,LeagueClientUx.exe
1594,League of Legends.exe
1595,firefox.exe
1596,explorer.exe
1597,League of Legends.exe
1598,LeagueClientUx.exe
1599,firefox.exe
1600,LeagueClientUx.exe
1601,firefox.exe
1602,explorer.exe
1603,LeagueClientUx.exe
1604,firefox.exe
1605,LeagueClientUx.exe
1606,firefox.exe
1607,LeagueClientUx.exe
1608,firefox.exe
1609,LeagueClientUx.exe
1610,firefox.exe
1611,LeagueClientUx.exe
1612,League of Legends.exe
1613,firefox.exe
1614,explorer.exe
1615,League of Legends.exe
1616,firefox.exe
1617,League of Legends.exe
1618,firefox.exe
1619,LeagueClientUx.exe
1620,firefox.exe
1621,RiotClientUx.exe
1622,firefox.exe
1623,RiotClientUx.exe
1624,firefox.exe
1625,explorer.exe
1626,LeagueClientUx.exe
1627,firefox.exe
1628,LeagueClientUx.exe
1629,firefox.exe
1630,LeagueClientUx.exe
1631,firefox.exe
1632,LeagueClientUx.exe
1633,Discord.exe
1634,LeagueClientUx.exe
1635,firefox.exe
1636,LeagueClientUx.exe
1637,League of Legends.exe
1638,firefox.exe
1639,LeagueClientUx.exe
1640,firefox.exe
1641,LeagueClientUx.exe
1642,firefox.exe
1643,LeagueClientUx.exe
1644,firefox.exe
1645,LeagueClientUx.exe
1646,firefox.exe
1647,LeagueClientUx.exe
1648,League of Legends.exe
1649,firefox.exe
1650,explorer.exe
1651,League of Legends.exe
1652,LeagueClientUx.exe
1653,firefox.exe
1654,LeagueClientUx.exe
1655,firefox.exe
1656,LeagueClientUx.exe
1657,firefox.exe
1658,LeagueClientUx.exe
1659,firefox.exe
1660,LeagueClientUx.exe
1661,League of Legends.exe
1662,firefox.exe
1663,League of Legends.exe
1664,LeagueClientUx.exe
1665,firefox.exe
1666,LeagueClientUx.exe
1667,firefox.exe
1668,LeagueClientUx.exe
1669,firefox.exe
1670,explorer.exe
1671,cmd.exe
1672,<s>
1673,Teams.exe
1674,SearchApp.exe
1675,WindowsCamera.exe
1676,ApplicationFrameHost.exe
1677,explorer.exe
1678,firefox.exe
1679,explorer.exe
1680,firefox.exe
1681,explorer.exe
1682,ApplicationFrameHost.exe
1683,<s>
1684,Teams.exe
1685,explorer.exe
1686,SearchApp.exe
1687,ApplicationFrameHost.exe
1688,explorer.exe
1689,ApplicationFrameHost.exe
1690,explorer.exe
1691,ApplicationFrameHost.exe
1692,explorer.exe
1693,iCloud.exe
1694,explorer.exe
1695,WindowsCamera.exe
1696,ApplicationFrameHost.exe
1697,firefox.exe
1698,explorer.exe
1699,RiotClientUx.exe
1700,WindowsCamera.exe
1701,RiotClientUx.exe
1702,LeagueClientUx.exe
1703,firefox.exe
1704,LeagueClientUx.exe
1705,firefox.exe
1706,LeagueClientUx.exe
1707,firefox.exe
1708,LeagueClientUx.exe
1709,firefox.exe
1710,explorer.exe
1711,firefox.exe
1712,League of Legends.exe
1713,firefox.exe
1714,League of Legends.exe
1715,firefox.exe
1716,LeagueClientUx.exe
1717,firefox.exe
1718,LeagueClientUx.exe
1719,firefox.exe
1720,LeagueClientUx.exe
1721,firefox.exe
1722,League of Legends.exe
1723,firefox.exe
1724,League of Legends.exe
1725,firefox.exe
1726,League of Legends.exe
1727,WindowsCamera.exe
1728,ApplicationFrameHost.exe
1729,WindowsCamera.exe
1730,ApplicationFrameHost.exe
1731,WindowsCamera.exe
1732,ApplicationFrameHost.exe
1733,WindowsCamera.exe
1734,ApplicationFrameHost.exe
1735,LeagueClientUx.exe
1736,WindowsCamera.exe
1737,ApplicationFrameHost.exe
1738,WindowsCamera.exe
1739,ApplicationFrameHost.exe
1740,WindowsCamera.exe
1741,ApplicationFrameHost.exe
1742,explorer.exe
1743,SearchApp.exe
1744,LeagueClientUx.exe
1745,firefox.exe
1746,explorer.exe
1747,LeagueClientUx.exe
1748,firefox.exe
1749,LeagueClientUx.exe
1750,ApplicationFrameHost.exe
1751,LeagueClientUx.exe
1752,ApplicationFrameHost.exe
1753,League of Legends.exe
1754,ApplicationFrameHost.exe
1755,League of Legends.exe
1756,explorer.exe
1757,League of Legends.exe
1758,iCloud.exe
1759,League of Legends.exe
1760,ApplicationFrameHost.exe
1761,League of Legends.exe
1762,ApplicationFrameHost.exe
1763,League of Legends.exe
1764,ApplicationFrameHost.exe
1765,League of Legends.exe
1766,ApplicationFrameHost.exe
1767,LeagueClientUx.exe
1768,firefox.exe
1769,LeagueClientUx.exe
1770,firefox.exe
1771,LeagueClientUx.exe
1772,firefox.exe
1773,LeagueClientUx.exe
1774,firefox.exe
1775,LeagueClientUx.exe
1776,firefox.exe
1777,LeagueClientUx.exe
1778,firefox.exe
1779,WindowsCamera.exe
1780,ApplicationFrameHost.exe
1781,firefox.exe
1782,League of Legends.exe
1783,firefox.exe
1784,League of Legends.exe
1785,firefox.exe
1786,League of Legends.exe
1787,firefox.exe
1788,League of Legends.exe
1789,firefox.exe
1790,League of Legends.exe
1791,firefox.exe
1792,League of Legends.exe
1793,firefox.exe
1794,League of Legends.exe
1795,LeagueClientUx.exe
1796,WindowsCamera.exe
1797,LeagueClientUx.exe
1798,WindowsCamera.exe
1799,ApplicationFrameHost.exe
1800,WindowsCamera.exe
1801,ApplicationFrameHost.exe
1802,WindowsCamera.exe
1803,ApplicationFrameHost.exe
1804,WindowsCamera.exe
1805,ApplicationFrameHost.exe
1806,WindowsCamera.exe
1807,ApplicationFrameHost.exe
1808,WindowsCamera.exe
1809,ApplicationFrameHost.exe
1810,WindowsCamera.exe
1811,ApplicationFrameHost.exe
1812,explorer.exe
1813,LeagueClientUx.exe
1814,explorer.exe
1815,firefox.exe
1816,ApplicationFrameHost.exe
1817,firefox.exe
1818,ApplicationFrameHost.exe
1819,WindowsCamera.exe
1820,firefox.exe
1821,explorer.exe
1822,firefox.exe
1823,ApplicationFrameHost.exe
1824,firefox.exe
1825,explorer.exe
1826,firefox.exe
1827,ApplicationFrameHost.exe
1828,firefox.exe
1829,ApplicationFrameHost.exe
1830,firefox.exe
1831,WindowsCamera.exe
1832,ApplicationFrameHost.exe
1833,WindowsCamera.exe
1834,firefox.exe
1835,WindowsCamera.exe
1836,ApplicationFrameHost.exe
1837,iCloud.exe
1838,WindowsCamera.exe
1839,explorer.exe
1840,iCloud.exe
1841,explorer.exe
1842,iCloudServices.exe
1843,explorer.exe
1844,Taskmgr.exe
1845,WindowsCamera.exe
1846,ApplicationFrameHost.exe
1847,WindowsCamera.exe
1848,ApplicationFrameHost.exe
1849,WindowsCamera.exe
1850,ApplicationFrameHost.exe
1851,WindowsCamera.exe
1852,ApplicationFrameHost.exe
1853,WindowsCamera.exe
1854,ApplicationFrameHost.exe
1855,firefox.exe
1856,WindowsCamera.exe
1857,firefox.exe
1858,ApplicationFrameHost.exe
1859,explorer.exe
1860,SearchApp.exe
1861,firefox.exe
1862,WindowsCamera.exe
1863,ApplicationFrameHost.exe
1864,WindowsCamera.exe
1865,ApplicationFrameHost.exe
1866,firefox.exe
1867,SearchApp.exe
1868,ApplicationFrameHost.exe
1869,firefox.exe
1870,explorer.exe
1871,firefox.exe
1872,iCloud.exe
1873,explorer.exe
1874,firefox.exe
1875,explorer.exe
1876,Taskmgr.exe
1877,firefox.exe
1878,Taskmgr.exe
1879,firefox.exe
1880,explorer.exe
1881,firefox.exe
1882,WindowsCamera.exe
1883,firefox.exe
1884,WindowsCamera.exe
1885,explorer.exe
1886,firefox.exe
1887,explorer.exe
1888,ApplicationFrameHost.exe
1889,firefox.exe
1890,<s>
1891,Teams.exe
1892,ApplicationFrameHost.exe
1893,WindowsCamera.exe
1894,ApplicationFrameHost.exe
1895,WindowsCamera.exe
1896,ApplicationFrameHost.exe
1897,WindowsCamera.exe
1898,ApplicationFrameHost.exe
1899,WindowsCamera.exe
1900,ApplicationFrameHost.exe
1901,explorer.exe
1902,ApplicationFrameHost.exe
1903,explorer.exe
1904,DB Browser for SQLite.exe
1905,explorer.exe
1906,DB Browser for SQLite.exe
1907,explorer.exe
1908,DB Browser for SQLite.exe
1909,firefox.exe
1910,explorer.exe
1911,firefox.exe
1912,ApplicationFrameHost.exe
1913,firefox.exe
1914,WindowsCamera.exe
1915,ApplicationFrameHost.exe
1916,WindowsCamera.exe
1917,firefox.exe
1918,Microsoft.AAD.BrokerPlugin.exe
1919,explorer.exe
1920,WindowsCamera.exe
1921,ApplicationFrameHost.exe
1922,WindowsCamera.exe
1923,firefox.exe
1924,WindowsCamera.exe
1925,firefox.exe
1926,WindowsCamera.exe
1927,ApplicationFrameHost.exe
1928,firefox.exe
1929,SearchApp.exe
1930,firefox.exe
1931,explorer.exe
1932,RiotClientUx.exe
1933,ApplicationFrameHost.exe
1934,LeagueClientUx.exe
1935,explorer.exe
1936,firefox.exe
1937,LeagueClientUx.exe
1938,firefox.exe
1939,LeagueClientUx.exe
1940,firefox.exe
1941,LeagueClientUx.exe
1942,firefox.exe
1943,LeagueClientUx.exe
1944,firefox.exe
1945,explorer.exe
1946,firefox.exe
1947,League of Legends.exe
1948,explorer.exe
1949,League of Legends.exe
1950,firefox.exe
1951,League of Legends.exe
1952,firefox.exe
1953,League of Legends.exe
1954,firefox.exe
1955,LeagueClientUx.exe
1956,WindowsCamera.exe
1957,LeagueClientUx.exe
1958,WindowsCamera.exe
1959,LeagueClientUx.exe
1960,explorer.exe
1961,audacity.exe
1962,firefox.exe
1963,audacity.exe
1964,firefox.exe
1965,audacity.exe
1966,firefox.exe
1967,LeagueClientUx.exe
1968,RiotClientUx.exe
1969,WindowsCamera.exe
1970,ApplicationFrameHost.exe
1971,LeagueClientUx.exe
1972,explorer.exe
1973,Discord.exe
1974,firefox.exe
1975,Discord.exe
1976,ApplicationFrameHost.exe
1977,Discord.exe
1978,WindowsCamera.exe
1979,LeagueClientUx.exe
1980,WindowsCamera.exe
1981,firefox.exe
1982,explorer.exe
1983,LeagueClientUx.exe
1984,firefox.exe
1985,LeagueClientUx.exe
1986,firefox.exe
1987,WindowsCamera.exe
1988,ApplicationFrameHost.exe
1989,WindowsCamera.exe
1990,explorer.exe
1991,ApplicationFrameHost.exe
1992,explorer.exe
1993,ApplicationFrameHost.exe
1994,firefox.exe
1995,explorer.exe
1996,League of Legends.exe
1997,firefox.exe
1998,League of Legends.exe
1999,firefox.exe
2000,League of Legends.exe
2001,explorer.exe
2002,League of Legends.exe
2003,explorer.exe
2004,LeagueClientUx.exe
2005,firefox.exe
2006,LeagueClientUx.exe
2007,firefox.exe
2008,LeagueClientUx.exe
2009,firefox.exe
2010,LeagueClientUx.exe
2011,firefox.exe
2012,explorer.exe
2013,League of Legends.exe
2014,firefox.exe
2015,League of Legends.exe
2016,firefox.exe
2017,League of Legends.exe
2018,firefox.exe
2019,League of Legends.exe
2020,firefox.exe
2021,LeagueClientUx.exe
2022,firefox.exe
2023,explorer.exe
2024,firefox.exe
2025,explorer.exe
2026,LeagueClientUx.exe
2027,RiotClientUx.exe
2028,firefox.exe
2029,explorer.exe
2030,LeagueClientUx.exe
2031,firefox.exe
2032,LeagueClientUx.exe
2033,firefox.exe
2034,LeagueClientUx.exe
2035,firefox.exe
2036,LeagueClientUx.exe
2037,firefox.exe
2038,LeagueClientUx.exe
2039,firefox.exe
2040,LeagueClientUx.exe
2041,firefox.exe
2042,LeagueClientUx.exe
2043,firefox.exe
2044,LeagueClientUx.exe
2045,firefox.exe
2046,LeagueClientUx.exe
2047,firefox.exe
2048,League of Legends.exe
2049,firefox.exe
2050,League of Legends.exe
2051,firefox.exe
2052,League of Legends.exe
2053,explorer.exe
2054,League of Legends.exe
2055,LeagueClientUx.exe
2056,firefox.exe
2057,LeagueClientUx.exe
2058,firefox.exe
2059,LeagueClientUx.exe
2060,firefox.exe
2061,WindowsCamera.exe
2062,ApplicationFrameHost.exe
2063,WindowsCamera.exe
2064,firefox.exe
2065,WindowsCamera.exe
2066,ApplicationFrameHost.exe
2067,WindowsCamera.exe
2068,ApplicationFrameHost.exe
2069,WindowsCamera.exe
2070,ApplicationFrameHost.exe
2071,WindowsCamera.exe
2072,ApplicationFrameHost.exe
2073,WindowsCamera.exe
2074,ApplicationFrameHost.exe
2075,WindowsCamera.exe
2076,ApplicationFrameHost.exe
2077,firefox.exe
2078,explorer.exe
2079,SearchApp.exe
2080,WindowsCamera.exe
2081,ApplicationFrameHost.exe
2082,firefox.exe
2083,WindowsCamera.exe
2084,ApplicationFrameHost.exe
2085,WindowsCamera.exe
2086,ApplicationFrameHost.exe
2087,WindowsCamera.exe
2088,firefox.exe
2089,WindowsCamera.exe
2090,firefox.exe
2091,explorer.exe
2092,ApplicationFrameHost.exe
2093,explorer.exe
2094,ApplicationFrameHost.exe
2095,firefox.exe
2096,WindowsCamera.exe
2097,ApplicationFrameHost.exe
2098,WindowsCamera.exe
2099,ApplicationFrameHost.exe
2100,firefox.exe
2101,ApplicationFrameHost.exe
2102,WindowsCamera.exe
2103,firefox.exe
2104,WindowsCamera.exe
2105,ApplicationFrameHost.exe
2106,firefox.exe
2107,explorer.exe
2108,cmd.exe
2109,firefox.exe
2110,WindowsCamera.exe
2111,ApplicationFrameHost.exe
2112,firefox.exe
2113,explorer.exe
2114,firefox.exe
2115,Teams.exe
2116,explorer.exe
2117,audacity.exe
2118,explorer.exe
2119,Teams.exe
2120,firefox.exe
2121,cmd.exe
2122,<s>
2123,SearchApp.exe
2124,ApplicationFrameHost.exe
2125,WindowsCamera.exe
2126,ApplicationFrameHost.exe
2127,WindowsCamera.exe
2128,ApplicationFrameHost.exe
2129,WindowsCamera.exe
2130,ApplicationFrameHost.exe
2131,WindowsCamera.exe
2132,ApplicationFrameHost.exe
2133,WindowsCamera.exe
2134,ApplicationFrameHost.exe
2135,Microsoft.Photos.exe
2136,ApplicationFrameHost.exe
2137,Microsoft.AAD.BrokerPlugin.exe
2138,explorer.exe
2139,firefox.exe
2140,explorer.exe
2141,cmd.exe
2142,firefox.exe
2143,explorer.exe
2144,SearchApp.exe
2145,explorer.exe
2146,RiotClientUx.exe
2147,LeagueClient.exe
2148,LeagueClientUx.exe
2149,firefox.exe
2150,LeagueClientUx.exe
2151,firefox.exe
2152,LeagueClientUx.exe
2153,firefox.exe
2154,LeagueClientUx.exe
2155,firefox.exe
2156,LeagueClientUx.exe
2157,firefox.exe
2158,LeagueClientUx.exe
2159,ApplicationFrameHost.exe
2160,League of Legends.exe
2161,firefox.exe
2162,League of Legends.exe
2163,firefox.exe
2164,League of Legends.exe
2165,ApplicationFrameHost.exe
2166,LeagueClientUx.exe
2167,firefox.exe
2168,explorer.exe
2169,LeagueClientUx.exe
2170,firefox.exe
2171,LeagueClientUx.exe
2172,firefox.exe
2173,LeagueClientUx.exe
2174,firefox.exe
2175,League of Legends.exe
2176,firefox.exe
2177,League of Legends.exe
2178,firefox.exe
2179,League of Legends.exe
2180,LeagueClientUx.exe
2181,firefox.exe
2182,LeagueClientUx.exe
2183,firefox.exe
2184,LeagueClientUx.exe
2185,firefox.exe
2186,LeagueClientUx.exe
2187,firefox.exe
2188,LeagueClientUx.exe
2189,firefox.exe
2190,LeagueClientUx.exe
2191,firefox.exe
2192,LeagueClientUx.exe
2193,firefox.exe
2194,League of Legends.exe
2195,firefox.exe
2196,League of Legends.exe
2197,firefox.exe
2198,LeagueClientUx.exe
2199,firefox.exe
2200,explorer.exe
2201,LeagueClientUx.exe
2202,firefox.exe
2203,LeagueClientUx.exe
2204,firefox.exe
2205,LeagueClientUx.exe
2206,firefox.exe
2207,LeagueClientUx.exe
2208,firefox.exe
2209,LeagueClientUx.exe
2210,firefox.exe
2211,LeagueClientUx.exe
2212,firefox.exe
2213,WindowsCamera.exe
2214,ApplicationFrameHost.exe
2215,explorer.exe
2216,Discord.exe
2217,firefox.exe
2218,League of Legends.exe
2219,<s>
2220,explorer.exe
2221,SearchApp.exe
2222,explorer.exe
2223,Teams.exe
2224,explorer.exe
2225,Teams.exe
2226,explorer.exe
2227,Teams.exe
2228,explorer.exe
2229,Teams.exe
2230,msedge.exe
2231,RiotClientUx.exe
2232,explorer.exe
2233,ApplicationFrameHost.exe
2234,explorer.exe
2235,LeagueClientUx.exe
2236,League of Legends.exe
2237,ApplicationFrameHost.exe
2238,LeagueClientUx.exe
2239,explorer.exe
2240,LeagueClientUx.exe
2241,firefox.exe
2242,explorer.exe
2243,ApplicationFrameHost.exe
2244,firefox.exe
2245,explorer.exe
2246,ApplicationFrameHost.exe
2247,firefox.exe
2248,explorer.exe
2249,firefox.exe
2250,explorer.exe
2251,Discord.exe
2252,firefox.exe
2253,Discord.exe
2254,firefox.exe
2255,explorer.exe
2256,firefox.exe
2257,explorer.exe
2258,cmd.exe
2259,explorer.exe
2260,SearchApp.exe
2261,RiotClientUx.exe
2262,firefox.exe
2263,RiotClientUx.exe
2264,firefox.exe
2265,explorer.exe
2266,LeagueClientUx.exe
2267,firefox.exe
2268,LeagueClientUx.exe
2269,firefox.exe
2270,LeagueClientUx.exe
2271,firefox.exe
2272,LeagueClientUx.exe
2273,firefox.exe
2274,LeagueClientUx.exe
2275,firefox.exe
2276,LeagueClientUx.exe
2277,firefox.exe
2278,explorer.exe
2279,firefox.exe
2280,LeagueClientUx.exe
2281,WindowsCamera.exe
2282,ApplicationFrameHost.exe
2283,firefox.exe
2284,League of Legends.exe
2285,ApplicationFrameHost.exe
2286,League of Legends.exe
2287,ApplicationFrameHost.exe
2288,LeagueClientUx.exe
2289,firefox.exe
2290,LeagueClientUx.exe
2291,firefox.exe
2292,LeagueClientUx.exe
2293,firefox.exe
2294,LeagueClientUx.exe
2295,firefox.exe
2296,League of Legends.exe
2297,firefox.exe
2298,League of Legends.exe
2299,firefox.exe
2300,League of Legends.exe
2301,firefox.exe
2302,League of Legends.exe
2303,firefox.exe
2304,League of Legends.exe
2305,LeagueClientUx.exe
2306,firefox.exe
2307,LeagueClientUx.exe
2308,firefox.exe
2309,LeagueClientUx.exe
2310,firefox.exe
2311,LeagueClientUx.exe
2312,WindowsCamera.exe
2313,firefox.exe
2314,ApplicationFrameHost.exe
2315,firefox.exe
2316,League of Legends.exe
2317,firefox.exe
2318,League of Legends.exe
2319,firefox.exe
2320,League of Legends.exe
2321,firefox.exe
2322,League of Legends.exe
2323,firefox.exe
2324,explorer.exe
2325,League of Legends.exe
2326,firefox.exe
2327,League of Legends.exe
2328,ApplicationFrameHost.exe
2329,LeagueClientUx.exe
2330,firefox.exe
2331,LeagueClientUx.exe
2332,firefox.exe
2333,LeagueClientUx.exe
2334,firefox.exe
2335,LeagueClientUx.exe
2336,firefox.exe
2337,LeagueClientUx.exe
2338,firefox.exe
2339,LeagueClientUx.exe
2340,firefox.exe
2341,League of Legends.exe
2342,firefox.exe
2343,League of Legends.exe
2344,firefox.exe
2345,League of Legends.exe
2346,firefox.exe
2347,League of Legends.exe
2348,firefox.exe
2349,League of Legends.exe
2350,firefox.exe
2351,LeagueClientUx.exe
2352,firefox.exe
2353,LeagueClientUx.exe
2354,firefox.exe
2355,explorer.exe
2356,firefox.exe
2357,LeagueClientUx.exe
2358,firefox.exe
2359,LeagueClientUx.exe
2360,firefox.exe
2361,LeagueClientUx.exe
2362,firefox.exe
2363,LeagueClientUx.exe
2364,firefox.exe
2365,LeagueClientUx.exe
2366,firefox.exe
2367,League of Legends.exe
2368,firefox.exe
2369,League of Legends.exe
2370,firefox.exe
2371,LeagueClientUx.exe
2372,firefox.exe
2373,LeagueClientUx.exe
2374,firefox.exe
2375,LeagueClientUx.exe
2376,League of Legends.exe
2377,firefox.exe
2378,LeagueClientUx.exe
2379,explorer.exe
2380,LeagueClientUx.exe
2381,firefox.exe
2382,explorer.exe
2383,firefox.exe
2384,RiotClientUx.exe
2385,explorer.exe
2386,firefox.exe
2387,LeagueClientUx.exe
2388,firefox.exe
2389,explorer.exe
2390,LeagueClientUx.exe
2391,ApplicationFrameHost.exe
2392,LeagueClientUx.exe
2393,firefox.exe
2394,LeagueClientUx.exe
2395,firefox.exe
2396,LeagueClientUx.exe
2397,League of Legends.exe
2398,firefox.exe
2399,League of Legends.exe
2400,ApplicationFrameHost.exe
2401,LeagueClientUx.exe
2402,ApplicationFrameHost.exe
2403,LeagueClientUx.exe
2404,firefox.exe
2405,explorer.exe
2406,devenv.exe
2407,Discord.exe
2408,explorer.exe
2409,LeagueClientUx.exe
2410,devenv.exe
2411,explorer.exe
2412,firefox.exe
2413,devenv.exe
2414,explorer.exe
2415,ApplicationFrameHost.exe
2416,explorer.exe
2417,devenv.exe
2418,firefox.exe
2419,devenv.exe
2420,explorer.exe
2421,devenv.exe
2422,RiotClientUx.exe
2423,WindowsCamera.exe
2424,ApplicationFrameHost.exe
2425,LeagueClientUx.exe
2426,RiotClientUx.exe
2427,ApplicationFrameHost.exe
2428,LeagueClientUx.exe
2429,firefox.exe
2430,LeagueClientUx.exe
2431,firefox.exe
2432,League of Legends.exe
2433,ApplicationFrameHost.exe
2434,LeagueClientUx.exe
2435,firefox.exe
2436,LeagueClientUx.exe
2437,firefox.exe
2438,LeagueClientUx.exe
2439,firefox.exe
2440,LeagueClientUx.exe
2441,firefox.exe
2442,LeagueClientUx.exe
2443,firefox.exe
2444,LeagueClientUx.exe
2445,League of Legends.exe
2446,firefox.exe
2447,League of Legends.exe
2448,firefox.exe
2449,League of Legends.exe
2450,firefox.exe
2451,explorer.exe
2452,League of Legends.exe
2453,firefox.exe
2454,explorer.exe
2455,League of Legends.exe
2456,ApplicationFrameHost.exe
2457,WindowsCamera.exe
2458,LeagueClientUx.exe
2459,firefox.exe
2460,explorer.exe
2461,LeagueClientUx.exe
2462,explorer.exe
2463,RiotClientUx.exe
2464,explorer.exe
2465,LeagueClientUx.exe
2466,firefox.exe
2467,LeagueClientUx.exe
2468,firefox.exe
2469,LeagueClientUx.exe
2470,firefox.exe
2471,LeagueClientUx.exe
2472,firefox.exe
2473,LeagueClientUx.exe
2474,firefox.exe
2475,LeagueClientUx.exe
2476,firefox.exe
2477,LeagueClientUx.exe
2478,firefox.exe
2479,LeagueClientUx.exe
2480,firefox.exe
2481,League of Legends.exe
2482,firefox.exe
2483,League of Legends.exe
2484,firefox.exe
2485,LeagueClientUx.exe
2486,WindowsCamera.exe
2487,ApplicationFrameHost.exe
2488,LeagueClientUx.exe
2489,firefox.exe
2490,LeagueClientUx.exe
2491,explorer.exe
2492,LeagueClientUx.exe
2493,firefox.exe
2494,LeagueClientUx.exe
2495,firefox.exe
2496,LeagueClientUx.exe
2497,firefox.exe
2498,LeagueClientUx.exe
2499,firefox.exe
2500,LeagueClientUx.exe
2501,firefox.exe
2502,League of Legends.exe
2503,firefox.exe
2504,League of Legends.exe
2505,ApplicationFrameHost.exe
2506,League of Legends.exe
2507,explorer.exe
2508,League of Legends.exe
2509,ApplicationFrameHost.exe
2510,League of Legends.exe
2511,firefox.exe
2512,League of Legends.exe
2513,WindowsCamera.exe
2514,ApplicationFrameHost.exe
2515,League of Legends.exe
2516,ApplicationFrameHost.exe
2517,League of Legends.exe
2518,ApplicationFrameHost.exe
2519,League of Legends.exe
2520,ApplicationFrameHost.exe
2521,LeagueClientUx.exe
2522,WindowsCamera.exe
2523,explorer.exe
2524,audacity.exe
2525,LeagueClientUx.exe
2526,audacity.exe
2527,LeagueClientUx.exe
2528,firefox.exe
2529,explorer.exe
2530,LeagueClientUx.exe
2531,firefox.exe
2532,LeagueClientUx.exe
2533,League of Legends.exe
2534,explorer.exe
2535,League of Legends.exe
2536,WindowsCamera.exe
2537,ApplicationFrameHost.exe
2538,WindowsCamera.exe
2539,League of Legends.exe
2540,firefox.exe
2541,League of Legends.exe
2542,firefox.exe
2543,League of Legends.exe
2544,firefox.exe
2545,LeagueClientUx.exe
2546,firefox.exe
2547,League of Legends.exe
2548,ApplicationFrameHost.exe
2549,LeagueClientUx.exe
2550,WindowsCamera.exe
2551,ApplicationFrameHost.exe
2552,firefox.exe
2553,WindowsCamera.exe
2554,ApplicationFrameHost.exe
2555,WindowsCamera.exe
2556,ApplicationFrameHost.exe
2557,WindowsCamera.exe
2558,ApplicationFrameHost.exe
2559,WindowsCamera.exe
2560,explorer.exe
2561,ApplicationFrameHost.exe
2562,Microsoft.Photos.exe
2563,ApplicationFrameHost.exe
2564,Microsoft.Photos.exe
2565,ApplicationFrameHost.exe
2566,Microsoft.Photos.exe
2567,ApplicationFrameHost.exe
2568,Microsoft.Photos.exe
2569,ApplicationFrameHost.exe
2570,explorer.exe
2571,Microsoft.Photos.exe
2572,explorer.exe
2573,ApplicationFrameHost.exe
2574,explorer.exe
2575,Microsoft.Photos.exe
2576,ApplicationFrameHost.exe
2577,Microsoft.Photos.exe
2578,explorer.exe
2579,Microsoft.Photos.exe
2580,ApplicationFrameHost.exe
2581,LeagueClientUx.exe
2582,Microsoft.Photos.exe
2583,ApplicationFrameHost.exe
2584,Microsoft.Photos.exe
2585,ApplicationFrameHost.exe
2586,Microsoft.Photos.exe
2587,ApplicationFrameHost.exe
2588,Microsoft.Photos.exe
2589,ApplicationFrameHost.exe
2590,LeagueClientUx.exe
2591,explorer.exe
2592,cmd.exe
2593,<s>
2594,Teams.exe
2595,Discord.exe
2596,explorer.exe
2597,WindowsCamera.exe
2598,ApplicationFrameHost.exe
2599,explorer.exe
2600,obs64.exe
2601,explorer.exe
2602,vlc.exe
2603,explorer.exe
2604,obs64.exe
2605,explorer.exe
2606,obs64.exe
2607,explorer.exe
2608,Microsoft.AAD.BrokerPlugin.exe
2609,explorer.exe
2610,Teams.exe
2611,explorer.exe
2612,SearchApp.exe
2613,WindowsCamera.exe
2614,ApplicationFrameHost.exe
2615,WindowsCamera.exe
2616,ApplicationFrameHost.exe
2617,WindowsCamera.exe
2618,ApplicationFrameHost.exe
2619,WindowsCamera.exe
2620,ApplicationFrameHost.exe
2621,WindowsCamera.exe
2622,explorer.exe
2623,cmd.exe
2624,<s>
2625,explorer.exe
2626,SearchApp.exe
2627,explorer.exe
2628,SearchApp.exe
2629,explorer.exe
2630,WindowsCamera.exe
2631,ApplicationFrameHost.exe
2632,WindowsCamera.exe
2633,ApplicationFrameHost.exe
2634,WindowsCamera.exe
2635,ApplicationFrameHost.exe
2636,explorer.exe
2637,WindowsCamera.exe
2638,ApplicationFrameHost.exe
2639,WindowsCamera.exe
2640,explorer.exe
2641,ApplicationFrameHost.exe
2642,Microsoft.Photos.exe
2643,ApplicationFrameHost.exe
2644,Microsoft.Photos.exe
2645,ApplicationFrameHost.exe
2646,Microsoft.Photos.exe
2647,ApplicationFrameHost.exe
2648,Microsoft.Photos.exe
2649,ApplicationFrameHost.exe
2650,Microsoft.Photos.exe
2651,ApplicationFrameHost.exe
2652,Microsoft.Photos.exe
2653,ApplicationFrameHost.exe
2654,explorer.exe
2655,SearchApp.exe
2656,ApplicationFrameHost.exe
2657,firefox.exe
2658,explorer.exe
2659,Discord.exe
2660,explorer.exe
2661,firefox.exe
2662,explorer.exe
2663,LeagueClientUx.exe
2664,explorer.exe
2665,firefox.exe
2666,explorer.exe
2667,ApplicationFrameHost.exe
2668,firefox.exe
2669,explorer.exe
2670,LeagueClientUx.exe
2671,firefox.exe
2672,LeagueClientUx.exe
2673,firefox.exe
2674,RiotClientUx.exe
2675,firefox.exe
2676,RiotClientUx.exe
2677,firefox.exe
2678,Teams.exe
2679,explorer.exe
2680,Teams.exe
2681,firefox.exe
2682,explorer.exe
2683,LeagueClientUx.exe
2684,firefox.exe
2685,LeagueClientUx.exe
2686,firefox.exe
2687,LeagueClientUx.exe
2688,firefox.exe
2689,LeagueClientUx.exe
2690,explorer.exe
2691,firefox.exe
2692,explorer.exe
2693,WindowsCamera.exe
2694,ApplicationFrameHost.exe
2695,WindowsCamera.exe
2696,ApplicationFrameHost.exe
2697,WindowsCamera.exe
2698,ApplicationFrameHost.exe
2699,WindowsCamera.exe
2700,ApplicationFrameHost.exe
2701,WindowsCamera.exe
2702,ApplicationFrameHost.exe
2703,WindowsCamera.exe
2704,ApplicationFrameHost.exe
2705,WindowsCamera.exe
2706,ApplicationFrameHost.exe
2707,WindowsCamera.exe
2708,ApplicationFrameHost.exe
2709,WindowsCamera.exe
2710,ApplicationFrameHost.exe
2711,WindowsCamera.exe
2712,Microsoft.Photos.exe
2713,ApplicationFrameHost.exe
2714,Microsoft.Photos.exe
2715,ApplicationFrameHost.exe
2716,firefox.exe
2717,explorer.exe
2718,ApplicationFrameHost.exe
2719,firefox.exe
2720,WindowsCamera.exe
2721,ApplicationFrameHost.exe
2722,WindowsCamera.exe
2723,ApplicationFrameHost.exe
2724,explorer.exe
2725,ApplicationFrameHost.exe
2726,Microsoft.Photos.exe
2727,ApplicationFrameHost.exe
2728,Microsoft.Photos.exe
2729,ApplicationFrameHost.exe
2730,explorer.exe
2731,RiotClientUx.exe
2732,firefox.exe
2733,explorer.exe
2734,firefox.exe
2735,LeagueClientUx.exe
2736,firefox.exe
2737,LeagueClientUx.exe
2738,firefox.exe
2739,LeagueClientUx.exe
2740,RiotClientUx.exe
2741,LeagueClientUx.exe
2742,ApplicationFrameHost.exe
2743,LeagueClientUx.exe
2744,firefox.exe
2745,LeagueClientUx.exe
2746,firefox.exe
2747,LeagueClientUx.exe
2748,firefox.exe
2749,LeagueClientUx.exe
2750,firefox.exe
2751,LeagueClientUx.exe
2752,firefox.exe
2753,League of Legends.exe
2754,firefox.exe
2755,League of Legends.exe
2756,firefox.exe
2757,explorer.exe
2758,firefox.exe
2759,explorer.exe
2760,ApplicationFrameHost.exe
2761,firefox.exe
2762,ApplicationFrameHost.exe
2763,WindowsCamera.exe
2764,ApplicationFrameHost.exe
2765,League of Legends.exe
2766,firefox.exe
2767,League of Legends.exe
2768,ApplicationFrameHost.exe
2769,firefox.exe
2770,ApplicationFrameHost.exe
2771,League of Legends.exe
2772,explorer.exe
2773,ShellExperienceHost.exe
2774,SystemSettings.exe
2775,ApplicationFrameHost.exe
2776,explorer.exe
2777,ShellExperienceHost.exe
2778,SystemSettings.exe
2779,explorer.exe
2780,ShellExperienceHost.exe
2781,League of Legends.exe
2782,LeagueClientUx.exe
2783,ApplicationFrameHost.exe
2784,explorer.exe
2785,ApplicationFrameHost.exe
2786,firefox.exe
2787,explorer.exe
2788,ShellExperienceHost.exe
2789,explorer.exe
2790,RiotClientUx.exe
2791,LeagueClient.exe
2792,SystemSettings.exe
2793,firefox.exe
2794,LeagueClientUx.exe
2795,firefox.exe
2796,LeagueClientUx.exe
2797,explorer.exe
2798,Discord.exe
2799,firefox.exe
2800,explorer.exe
2801,firefox.exe
2802,LeagueClientUx.exe
2803,firefox.exe
2804,LeagueClientUx.exe
2805,firefox.exe
2806,LeagueClientUx.exe
2807,firefox.exe
2808,LeagueClientUx.exe
2809,firefox.exe
2810,LeagueClientUx.exe
2811,firefox.exe
2812,explorer.exe
2813,ApplicationFrameHost.exe
2814,League of Legends.exe
2815,ApplicationFrameHost.exe
2816,League of Legends.exe
2817,firefox.exe
2818,League of Legends.exe
2819,explorer.exe
2820,League of Legends.exe
2821,ApplicationFrameHost.exe
2822,LeagueClientUx.exe
2823,explorer.exe
2824,steam.exe
2825,explorer.exe
2826,ApplicationFrameHost.exe
2827,LeagueClientUx.exe
2828,explorer.exe
2829,steam.exe
2830,ApplicationFrameHost.exe
2831,LeagueClientUx.exe
2832,explorer.exe
2833,LeagueClientUx.exe
2834,steamwebhelper.exe
2835,LeagueClientUx.exe
2836,firefox.exe
2837,LeagueClientUx.exe
2838,firefox.exe
2839,LeagueClientUx.exe
2840,ApplicationFrameHost.exe
2841,League of Legends.exe
2842,firefox.exe
2843,explorer.exe
2844,League of Legends.exe
2845,LeagueClientUx.exe
2846,explorer.exe
2847,ApplicationFrameHost.exe
2848,League of Legends.exe
2849,cmd.exe
2850,League of Legends.exe
2851,LeagueClientUx.exe
2852,RiotClientUx.exe
2853,explorer.exe
2854,cmd.exe
2855,RiotClientUx.exe
2856,cmd.exe
2857,<s>
2858,Teams.exe
2859,explorer.exe
2860,Teams.exe
2861,explorer.exe
2862,ShellExperienceHost.exe
2863,explorer.exe
2864,ShellExperienceHost.exe
2865,explorer.exe
2866,firefox.exe
2867,RiotClientServices.exe
2868,firefox.exe
2869,RiotClientServices.exe
2870,firefox.exe
2871,RiotClientUx.exe
2872,LeagueClientUx.exe
2873,firefox.exe
2874,LeagueClientUx.exe
2875,firefox.exe
2876,LeagueClientUx.exe
2877,firefox.exe
2878,LeagueClientUx.exe
2879,firefox.exe
2880,League of Legends.exe
2881,ApplicationFrameHost.exe
2882,firefox.exe
2883,explorer.exe
2884,firefox.exe
2885,League of Legends.exe
2886,firefox.exe
2887,League of Legends.exe
2888,firefox.exe
2889,League of Legends.exe
2890,firefox.exe
2891,League of Legends.exe
2892,firefox.exe
2893,League of Legends.exe
2894,LeagueClientUx.exe
2895,explorer.exe
2896,LeagueClientUx.exe
2897,firefox.exe
2898,LeagueClientUx.exe
2899,firefox.exe
2900,League of Legends.exe
2901,explorer.exe
2902,ApplicationFrameHost.exe
2903,League of Legends.exe
2904,LeagueClientUx.exe
2905,firefox.exe
2906,LeagueClientUx.exe
2907,firefox.exe
2908,LeagueClientUx.exe
2909,firefox.exe
2910,LeagueClientUx.exe
2911,firefox.exe
2912,League of Legends.exe
2913,explorer.exe
2914,ApplicationFrameHost.exe
2915,League of Legends.exe
2916,firefox.exe
2917,League of Legends.exe
2918,firefox.exe
2919,League of Legends.exe
2920,firefox.exe
2921,League of Legends.exe
2922,firefox.exe
2923,League of Legends.exe
2924,LeagueClientUx.exe
2925,ApplicationFrameHost.exe
2926,WindowsCamera.exe
2927,ApplicationFrameHost.exe
2928,explorer.exe
2929,SearchApp.exe
2930,WindowsCamera.exe
2931,ApplicationFrameHost.exe
2932,WindowsCamera.exe
2933,ApplicationFrameHost.exe
2934,explorer.exe
2935,Microsoft.Photos.exe
2936,ApplicationFrameHost.exe
2937,Microsoft.Photos.exe
2938,ApplicationFrameHost.exe
2939,Microsoft.Photos.exe
2940,ApplicationFrameHost.exe
2941,Microsoft.Photos.exe
2942,ApplicationFrameHost.exe
2943,Microsoft.Photos.exe
2944,ShellExperienceHost.exe
2945,explorer.exe
2946,firefox.exe
2947,Microsoft.Photos.exe
2948,ApplicationFrameHost.exe
2949,Microsoft.Photos.exe
2950,ApplicationFrameHost.exe
2951,explorer.exe
2952,ApplicationFrameHost.exe
2953,firefox.exe
2954,explorer.exe
2955,ApplicationFrameHost.exe
2956,WindowsCamera.exe
2957,ApplicationFrameHost.exe
2958,explorer.exe
2959,firefox.exe
2960,Microsoft.Photos.exe
2961,firefox.exe
2962,explorer.exe
2963,Discord.exe
2964,explorer.exe
2965,WindowsCamera.exe
2966,ApplicationFrameHost.exe
2967,WindowsCamera.exe
2968,ApplicationFrameHost.exe
2969,WindowsCamera.exe
2970,ApplicationFrameHost.exe
2971,WindowsCamera.exe
2972,ApplicationFrameHost.exe
2973,Discord.exe
2974,firefox.exe
2975,Discord.exe
2976,firefox.exe
2977,explorer.exe
2978,ApplicationFrameHost.exe
2979,explorer.exe
2980,steam.exe
2981,ApplicationFrameHost.exe
2982,steam.exe
2983,steamwebhelper.exe
2984,steam.exe
2985,steamwebhelper.exe
2986,steam.exe
2987,steamwebhelper.exe
2988,firefox.exe
2989,JustCause3.exe
2990,firefox.exe
2991,explorer.exe
2992,JustCause3.exe
2993,firefox.exe
2994,explorer.exe
2995,firefox.exe
2996,explorer.exe
2997,StartMenuExperienceHost.exe
2998,<s>
2999,Teams.exe
3000,explorer.exe
3001,RiotClientUx.exe
3002,explorer.exe
3003,SearchApp.exe
3004,ApplicationFrameHost.exe
3005,WindowsCamera.exe
3006,ApplicationFrameHost.exe
3007,WindowsCamera.exe
3008,ApplicationFrameHost.exe
3009,devenv.exe
3010,explorer.exe
3011,ApplicationFrameHost.exe
3012,devenv.exe
3013,explorer.exe
3014,Code.exe
3015,explorer.exe
3016,Acrobat.exe
3017,explorer.exe
3018,Acrobat.exe
3019,devenv.exe
3020,explorer.exe
3021,Discord.exe
3022,firefox.exe
3023,devenv.exe
3024,firefox.exe
3025,explorer.exe
3026,ApplicationFrameHost.exe
3027,Discord.exe
3028,firefox.exe
3029,Discord.exe
3030,firefox.exe
3031,Discord.exe
3032,firefox.exe
3033,Discord.exe
3034,devenv.exe
3035,Acrobat.exe
3036,devenv.exe
3037,Discord.exe
3038,explorer.exe
3039,firefox.exe
3040,Acrobat.exe
3041,devenv.exe
3042,Acrobat.exe
3043,explorer.exe
3044,ApplicationFrameHost.exe
3045,explorer.exe
3046,Code.exe
3047,explorer.exe
3048,Code.exe
3049,CodeSetup-stable-e8a3071ea4344d9d48ef8a4df2c097372b0c5161.tmp
3050,devenv.exe
3051,firefox.exe
3052,explorer.exe
3053,SearchApp.exe
3054,explorer.exe
3055,msedge.exe
3056,WindowsCamera.exe
3057,explorer.exe
3058,SearchApp.exe
3059,audacity.exe
3060,firefox.exe
3061,audacity.exe
3062,firefox.exe
3063,audacity.exe
3064,devenv.exe
3065,firefox.exe
3066,explorer.exe
3067,ApplicationFrameHost.exe
3068,audacity.exe
3069,Code.exe
3070,devenv.exe
3071,explorer.exe
3072,Acrobat.exe
3073,explorer.exe
3074,Code.exe
3075,LeagueClientUx.exe
3076,explorer.exe
3077,firefox.exe
3078,explorer.exe
3079,LeagueClientUx.exe
3080,explorer.exe
3081,ApplicationFrameHost.exe
3082,firefox.exe
3083,LeagueClientUx.exe
3084,explorer.exe
3085,LeagueClientUx.exe
3086,firefox.exe
3087,LeagueClientUx.exe
3088,firefox.exe
3089,LeagueClientUx.exe
3090,firefox.exe
3091,LeagueClientUx.exe
3092,firefox.exe
3093,League of Legends.exe
3094,explorer.exe
3095,ApplicationFrameHost.exe
3096,League of Legends.exe
3097,ApplicationFrameHost.exe
3098,LeagueClientUx.exe
3099,firefox.exe
3100,LeagueClientUx.exe
3101,firefox.exe
3102,LeagueClientUx.exe
3103,firefox.exe
3104,LeagueClientUx.exe
3105,firefox.exe
3106,LeagueClientUx.exe
3107,firefox.exe
3108,LeagueClientUx.exe
3109,firefox.exe
3110,LeagueClientUx.exe
3111,firefox.exe
3112,LeagueClientUx.exe
3113,firefox.exe
3114,LeagueClientUx.exe
3115,firefox.exe
3116,LeagueClientUx.exe
3117,firefox.exe
3118,League of Legends.exe
3119,firefox.exe
3120,explorer.exe
3121,League of Legends.exe
3122,firefox.exe
3123,League of Legends.exe
3124,firefox.exe
3125,League of Legends.exe
3126,firefox.exe
3127,League of Legends.exe
3128,firefox.exe
3129,League of Legends.exe
3130,LeagueClientUx.exe
3131,explorer.exe
3132,ApplicationFrameHost.exe
3133,firefox.exe
3134,LeagueClientUx.exe
3135,firefox.exe
3136,LeagueClientUx.exe
3137,firefox.exe
3138,explorer.exe
3139,Discord.exe
3140,LeagueClientUx.exe
3141,firefox.exe
3142,League of Legends.exe
3143,firefox.exe
3144,League of Legends.exe
3145,ApplicationFrameHost.exe
3146,LeagueClientUx.exe
3147,firefox.exe
3148,LeagueClientUx.exe
3149,firefox.exe
3150,LeagueClientUx.exe
3151,League of Legends.exe
3152,explorer.exe
3153,League of Legends.exe
3154,WindowsCamera.exe
3155,firefox.exe
3156,League of Legends.exe
3157,WindowsCamera.exe
3158,League of Legends.exe
3159,ApplicationFrameHost.exe
3160,LeagueClientUx.exe
3161,firefox.exe
3162,LeagueClientUx.exe
3163,firefox.exe
3164,LeagueClientUx.exe
3165,firefox.exe
3166,LeagueClientUx.exe
3167,League of Legends.exe
3168,firefox.exe
3169,explorer.exe
3170,League of Legends.exe
3171,firefox.exe
3172,Discord.exe
3173,explorer.exe
3174,League of Legends.exe
3175,firefox.exe
3176,League of Legends.exe
3177,firefox.exe
3178,explorer.exe
3179,League of Legends.exe
3180,explorer.exe
3181,League of Legends.exe
3182,firefox.exe
3183,explorer.exe
3184,League of Legends.exe
3185,firefox.exe
3186,explorer.exe
3187,League of Legends.exe
3188,explorer.exe
3189,League of Legends.exe
3190,explorer.exe
3191,LeagueClientUx.exe
3192,RiotClientUx.exe
3193,LeagueClientUx.exe
3194,RiotClientUx.exe
3195,firefox.exe
3196,LeagueClientUx.exe
3197,explorer.exe
3198,LeagueClientUx.exe
3199,explorer.exe
3200,LeagueClientUx.exe
3201,firefox.exe
3202,LeagueClientUx.exe
3203,firefox.exe
3204,LeagueClientUx.exe
3205,firefox.exe
3206,LeagueClientUx.exe
3207,firefox.exe
3208,LeagueClientUx.exe
3209,firefox.exe
3210,League of Legends.exe
3211,explorer.exe
3212,firefox.exe
3213,League of Legends.exe
3214,firefox.exe
3215,League of Legends.exe
3216,firefox.exe
3217,League of Legends.exe
3218,firefox.exe
3219,League of Legends.exe
3220,firefox.exe
3221,explorer.exe
3222,firefox.exe
3223,League of Legends.exe
3224,explorer.exe
3225,League of Legends.exe
3226,ApplicationFrameHost.exe
3227,explorer.exe
3228,SearchApp.exe
3229,League of Legends.exe
3230,firefox.exe
3231,ApplicationFrameHost.exe
3232,League of Legends.exe
3233,firefox.exe
3234,League of Legends.exe
3235,LeagueClientUx.exe
3236,firefox.exe
3237,LeagueClientUx.exe
3238,firefox.exe
3239,LeagueClientUx.exe
3240,firefox.exe
3241,LeagueClientUx.exe
3242,firefox.exe
3243,LeagueClientUx.exe
3244,firefox.exe
3245,League of Legends.exe
3246,firefox.exe
3247,League of Legends.exe
3248,firefox.exe
3249,League of Legends.exe
3250,ApplicationFrameHost.exe
3251,LeagueClientUx.exe
3252,explorer.exe
3253,cmd.exe
3254,<s>
3255,Teams.exe
3256,Discord.exe
3257,explorer.exe
3258,RiotClientUx.exe
3259,Discord.exe
3260,explorer.exe
3261,LeagueClientUx.exe
3262,explorer.exe
3263,SearchApp.exe
3264,LeagueClientUx.exe
3265,firefox.exe
3266,ApplicationFrameHost.exe
3267,firefox.exe
3268,LeagueClientUx.exe
3269,firefox.exe
3270,LeagueClientUx.exe
3271,firefox.exe
3272,LeagueClientUx.exe
3273,firefox.exe
3274,LeagueClientUx.exe
3275,firefox.exe
3276,LeagueClientUx.exe
3277,firefox.exe
3278,LeagueClientUx.exe
3279,firefox.exe
3280,LeagueClientUx.exe
3281,firefox.exe
3282,LeagueClientUx.exe
3283,firefox.exe
3284,League of Legends.exe
3285,firefox.exe
3286,League of Legends.exe
3287,ApplicationFrameHost.exe
3288,League of Legends.exe
3289,ApplicationFrameHost.exe
3290,LeagueClientUx.exe
3291,firefox.exe
3292,LeagueClientUx.exe
3293,firefox.exe
3294,LeagueClientUx.exe
3295,firefox.exe
3296,LeagueClientUx.exe
3297,firefox.exe
3298,LeagueClientUx.exe
3299,firefox.exe
3300,LeagueClientUx.exe
3301,firefox.exe
3302,League of Legends.exe
3303,firefox.exe
3304,League of Legends.exe
3305,firefox.exe
3306,League of Legends.exe
3307,firefox.exe
3308,LeagueClientUx.exe
3309,firefox.exe
3310,RiotClientUx.exe
3311,firefox.exe
3312,RiotClientUx.exe
3313,firefox.exe
3314,explorer.exe
3315,RiotClientUx.exe
3316,LeagueClientUx.exe
3317,firefox.exe
3318,LeagueClientUx.exe
3319,firefox.exe
3320,LeagueClientUx.exe
3321,firefox.exe
3322,League of Legends.exe
3323,firefox.exe
3324,League of Legends.exe
3325,LeagueClientUx.exe
3326,firefox.exe
3327,LeagueClientUx.exe
3328,firefox.exe
3329,explorer.exe
3330,ShellExperienceHost.exe
3331,firefox.exe
3332,explorer.exe
3333,cmd.exe
3334,Discord.exe
3335,explorer.exe
3336,cmd.exe
3337,<s>
3338,Discord.exe
3339,RiotClientUx.exe
3340,firefox.exe
3341,LeagueClientUx.exe
3342,explorer.exe
3343,SearchApp.exe
3344,LeagueClientUx.exe
3345,firefox.exe
3346,LeagueClientUx.exe
3347,firefox.exe
3348,League of Legends.exe
3349,firefox.exe
3350,explorer.exe
3351,League of Legends.exe
3352,explorer.exe
3353,LeagueClientUx.exe
3354,firefox.exe
3355,LeagueClientUx.exe
3356,explorer.exe
3357,LeagueClientUx.exe
3358,firefox.exe
3359,LeagueClientUx.exe
3360,explorer.exe
3361,ApplicationFrameHost.exe
3362,firefox.exe
3363,League of Legends.exe
3364,explorer.exe
3365,League of Legends.exe
3366,ApplicationFrameHost.exe
3367,League of Legends.exe
3368,ApplicationFrameHost.exe
3369,LeagueClientUx.exe
3370,firefox.exe
3371,explorer.exe
3372,Teams.exe
3373,explorer.exe
3374,LeagueClientUx.exe
3375,firefox.exe
3376,LeagueClientUx.exe
3377,explorer.exe
3378,firefox.exe
3379,LeagueClientUx.exe
3380,explorer.exe
3381,LeagueClientUx.exe
3382,League of Legends.exe
3383,firefox.exe
3384,League of Legends.exe
3385,ApplicationFrameHost.exe
3386,LeagueClientUx.exe
3387,firefox.exe
3388,LeagueClientUx.exe
3389,firefox.exe
3390,explorer.exe
3391,ApplicationFrameHost.exe
3392,LeagueClientUx.exe
3393,firefox.exe
3394,LeagueClientUx.exe
3395,firefox.exe
3396,LeagueClientUx.exe
3397,firefox.exe
3398,League of Legends.exe
3399,explorer.exe
3400,firefox.exe
3401,League of Legends.exe
3402,firefox.exe
3403,League of Legends.exe
3404,LeagueClientUx.exe
3405,firefox.exe
3406,LeagueClientUx.exe
3407,firefox.exe
3408,LeagueClientUx.exe
3409,firefox.exe
3410,LeagueClientUx.exe
3411,firefox.exe
3412,explorer.exe
3413,League of Legends.exe
3414,firefox.exe
3415,League of Legends.exe
3416,firefox.exe
3417,League of Legends.exe
3418,explorer.exe
3419,League of Legends.exe
3420,firefox.exe
3421,League of Legends.exe
3422,ApplicationFrameHost.exe
3423,LeagueClientUx.exe
3424,firefox.exe
3425,explorer.exe
3426,LeagueClientUx.exe
3427,explorer.exe
3428,cmd.exe
3429,LeagueClientUx.exe
3430,firefox.exe
3431,LeagueClientUx.exe
3432,firefox.exe
3433,League of Legends.exe
3434,firefox.exe
3435,explorer.exe
3436,League of Legends.exe
3437,ApplicationFrameHost.exe
3438,League of Legends.exe
3439,ApplicationFrameHost.exe
3440,LeagueClientUx.exe
3441,firefox.exe
3442,LeagueClientUx.exe
3443,firefox.exe
3444,LeagueClientUx.exe
3445,firefox.exe
3446,LeagueClientUx.exe
3447,League of Legends.exe
3448,firefox.exe
3449,League of Legends.exe
3450,firefox.exe
3451,League of Legends.exe
3452,LeagueClientUx.exe
3453,firefox.exe
3454,LeagueClientUx.exe
3455,firefox.exe
3456,LeagueClientUx.exe
3457,firefox.exe
3458,League of Legends.exe
3459,firefox.exe
3460,League of Legends.exe
3461,firefox.exe
3462,League of Legends.exe
3463,<s>
3464,ApplicationManager_DesktopShellWindow
3465,Chrome_RenderWidgetHostHWND
3466,Chrome_RenderWidgetHostHWND
3467,SplashScreenClassName
3468,RCLIENT
3469,RiotWindowClass
3470,Chrome_WidgetWin_1
3471,MSTaskListWClass
3472,MozillaWindowClass
3473,RiotWindowClass
3474,MozillaWindowClass
3475,Chrome_RenderWidgetHostHWND
3476,MozillaWindowClass
3477,Chrome_RenderWidgetHostHWND
3478,MozillaWindowClass
3479,Chrome_RenderWidgetHostHWND
3480,MozillaWindowClass
3481,Windows.UI.Core.CoreWindow
3482,ApplicationFrameWindow
3483,MozillaWindowClass
3484,MSTaskListWClass
3485,MozillaWindowClass
3486,Windows.UI.Core.CoreWindow
3487,MozillaWindowClass
3488,MSTaskListWClass
3489,ConsoleWindowClass
3490,<s>
3491,Discord.exe
3492,explorer.exe
3493,firefox.exe
3494,<s>
3495,Teams.exe
3496,Discord.exe
3497,explorer.exe
3498,firefox.exe
3499,RiotClientUx.exe
3500,firefox.exe
3501,RiotClientUx.exe
3502,firefox.exe
3503,RiotClientUx.exe
3504,explorer.exe
3505,firefox.exe
3506,RiotClientUx.exe
3507,explorer.exe
3508,Discord.exe
3509,LeagueClientUx.exe
3510,Discord.exe
3511,LeagueClientUx.exe
3512,firefox.exe
3513,explorer.exe
3514,Discord.exe
3515,firefox.exe
3516,explorer.exe
3517,firefox.exe
3518,explorer.exe
3519,Discord.exe
3520,firefox.exe
3521,explorer.exe
3522,Discord.exe
3523,firefox.exe
3524,explorer.exe
3525,LeagueClientUx.exe
3526,firefox.exe
3527,explorer.exe
3528,SearchApp.exe
3529,OUTLOOK.EXE
3530,firefox.exe
3531,explorer.exe
3532,OUTLOOK.EXE
3533,firefox.exe
3534,explorer.exe
3535,firefox.exe
3536,OUTLOOK.EXE
3537,firefox.exe
3538,OUTLOOK.EXE
3539,firefox.exe
3540,explorer.exe
3541,firefox.exe
3542,explorer.exe
3543,firefox.exe
3544,explorer.exe
3545,OUTLOOK.EXE
3546,firefox.exe
3547,explorer.exe
3548,firefox.exe
3549,explorer.exe
3550,firefox.exe
3551,explorer.exe
3552,OUTLOOK.EXE
3553,firefox.exe
3554,explorer.exe
3555,OUTLOOK.EXE
3556,explorer.exe
3557,Discord.exe
3558,firefox.exe
3559,explorer.exe
3560,Discord.exe
3561,firefox.exe
3562,explorer.exe
3563,LeagueClientUx.exe
3564,explorer.exe
3565,LeagueClientUx.exe
3566,firefox.exe
3567,LeagueClientUx.exe
3568,firefox.exe
3569,LeagueClientUx.exe
3570,firefox.exe
3571,Discord.exe
3572,explorer.exe
3573,LeagueClientUx.exe
3574,explorer.exe
3575,firefox.exe
3576,explorer.exe
3577,LeagueClientUx.exe
3578,EpicGamesLauncher.exe
3579,firefox.exe
3580,explorer.exe
3581,LeagueClientUx.exe
3582,firefox.exe
3583,LeagueClientUx.exe
3584,firefox.exe
3585,LeagueClientUx.exe
3586,firefox.exe
3587,LeagueClientUx.exe
3588,EpicGamesLauncher.exe
3589,firefox.exe
3590,League of Legends.exe
3591,firefox.exe
3592,explorer.exe
3593,EpicGamesLauncher.exe
3594,League of Legends.exe
3595,EpicGamesLauncher.exe
3596,League of Legends.exe
3597,firefox.exe
3598,League of Legends.exe
3599,Discord.exe
3600,firefox.exe
3601,Discord.exe
3602,firefox.exe
3603,LeagueClientUx.exe
3604,firefox.exe
3605,LeagueClientUx.exe
3606,firefox.exe
3607,explorer.exe
3608,StartMenuExperienceHost.exe
3609,<s>
3610,Discord.exe
3611,explorer.exe
3612,firefox.exe
3613,explorer.exe
3614,EpicGamesLauncher.exe
3615,explorer.exe
3616,RiotClientUx.exe
3617,firefox.exe
3618,EpicGamesLauncher.exe
3619,steamwebhelper.exe
3620,EpicGamesLauncher.exe
3621,steamwebhelper.exe
3622,explorer.exe
3623,steamwebhelper.exe
3624,steam.exe
3625,steamwebhelper.exe
3626,explorer.exe
3627,cmd.exe
3628,explorer.exe
3629,DB Browser for SQLite.exe
3630,cmd.exe
3631,steamwebhelper.exe
3632,explorer.exe
3633,Teams.exe
3634,explorer.exe
3635,RiotClientUx.exe
3636,explorer.exe
3637,firefox.exe
3638,Teams.exe
3639,explorer.exe
3640,LeagueClientUx.exe
3641,explorer.exe
3642,Discord.exe
3643,LeagueClientUx.exe
3644,Discord.exe
3645,LeagueClientUx.exe
3646,Teams.exe
3647,LeagueClientUx.exe
3648,firefox.exe
3649,LeagueClientUx.exe
3650,firefox.exe
3651,LeagueClientUx.exe
3652,firefox.exe
3653,League of Legends.exe
3654,firefox.exe
3655,League of Legends.exe
3656,firefox.exe
3657,League of Legends.exe
3658,firefox.exe
3659,LeagueClientUx.exe
3660,firefox.exe
3661,LeagueClientUx.exe
3662,firefox.exe
3663,LeagueClientUx.exe
3664,firefox.exe
3665,League of Legends.exe
3666,firefox.exe
3667,explorer.exe
3668,League of Legends.exe
3669,firefox.exe
3670,League of Legends.exe
3671,firefox.exe
3672,League of Legends.exe
3673,EpicGamesLauncher.exe
3674,explorer.exe
3675,League of Legends.exe
3676,firefox.exe
3677,explorer.exe
3678,League of Legends.exe
3679,LeagueClientUx.exe
3680,firefox.exe
3681,LeagueClientUx.exe
3682,firefox.exe
3683,League of Legends.exe
3684,firefox.exe
3685,LeagueClientUx.exe
3686,firefox.exe
3687,LeagueClientUx.exe
3688,firefox.exe
3689,explorer.exe
3690,League of Legends.exe
3691,explorer.exe
3692,League of Legends.exe
3693,explorer.exe
3694,League of Legends.exe
3695,firefox.exe
3696,LeagueClientUx.exe
3697,explorer.exe
3698,RiotClientUx.exe
3699,explorer.exe
3700,LeagueClientUx.exe
3701,explorer.exe
3702,steamwebhelper.exe
3703,steam.exe
3704,steamwebhelper.exe
3705,LeagueClientUx.exe
3706,firefox.exe
3707,LeagueClientUx.exe
3708,firefox.exe
3709,LeagueClientUx.exe
3710,League of Legends.exe
3711,firefox.exe
3712,League of Legends.exe
3713,LeagueClientUx.exe
3714,firefox.exe
3715,LeagueClientUx.exe
3716,explorer.exe
3717,Discord.exe
3718,firefox.exe
3719,LeagueClientUx.exe
3720,firefox.exe
3721,LeagueClientUx.exe
3722,firefox.exe
3723,LeagueClientUx.exe
3724,firefox.exe
3725,League of Legends.exe
3726,firefox.exe
3727,League of Legends.exe
3728,firefox.exe
3729,League of Legends.exe
3730,firefox.exe
3731,League of Legends.exe
3732,firefox.exe
3733,League of Legends.exe
3734,LeagueClientUx.exe
3735,firefox.exe
3736,LeagueClientUx.exe
3737,firefox.exe
3738,LeagueClientUx.exe
3739,firefox.exe
3740,League of Legends.exe
3741,firefox.exe
3742,League of Legends.exe
3743,firefox.exe
3744,League of Legends.exe
3745,firefox.exe
3746,League of Legends.exe
3747,firefox.exe
3748,League of Legends.exe
3749,firefox.exe
3750,League of Legends.exe
3751,firefox.exe
3752,League of Legends.exe
3753,firefox.exe
3754,explorer.exe
3755,League of Legends.exe
3756,firefox.exe
3757,explorer.exe
3758,League of Legends.exe
3759,LeagueClientUx.exe
3760,firefox.exe
3761,explorer.exe
3762,firefox.exe
3763,steam.exe
3764,LeagueClientUx.exe
3765,firefox.exe
3766,LeagueClientUx.exe
3767,firefox.exe
3768,LeagueClientUx.exe
3769,firefox.exe
3770,LeagueClientUx.exe
3771,firefox.exe
3772,League of Legends.exe
3773,explorer.exe
3774,League of Legends.exe
3775,firefox.exe
3776,explorer.exe
3777,League of Legends.exe
3778,LeagueClientUx.exe
3779,explorer.exe
3780,cmd.exe
3781,<s>
3782,firefox.exe
3783,explorer.exe
3784,Teams.exe
3785,RiotClientUx.exe
3786,LeagueClient.exe
3787,LeagueClientUx.exe
3788,firefox.exe
3789,LeagueClientUx.exe
3790,firefox.exe
3791,LeagueClientUx.exe
3792,firefox.exe
3793,LeagueClientUx.exe
3794,firefox.exe
3795,LeagueClientUx.exe
3796,firefox.exe
3797,LeagueClientUx.exe
3798,firefox.exe
3799,Teams.exe
3800,firefox.exe
3801,explorer.exe
3802,League of Legends.exe
3803,explorer.exe
3804,League of Legends.exe
3805,Spotify.exe
3806,League of Legends.exe
3807,LeagueClientUx.exe
3808,firefox.exe
3809,LeagueClientUx.exe
3810,RiotClientUx.exe
3811,firefox.exe
3812,RiotClientUx.exe
3813,firefox.exe
3814,LeagueClientUx.exe
3815,firefox.exe
3816,LeagueClientUx.exe
3817,firefox.exe
3818,LeagueClientUx.exe
3819,firefox.exe
3820,LeagueClientUx.exe
3821,firefox.exe
3822,LeagueClientUx.exe
3823,firefox.exe
3824,LeagueClientUx.exe
3825,firefox.exe
3826,LeagueClientUx.exe
3827,firefox.exe
3828,LeagueClientUx.exe
3829,firefox.exe
3830,explorer.exe
3831,Spotify.exe
3832,LeagueClientUx.exe
3833,firefox.exe
3834,LeagueClientUx.exe
3835,firefox.exe
3836,LeagueClientUx.exe
3837,League of Legends.exe
3838,firefox.exe
3839,League of Legends.exe
3840,firefox.exe
3841,explorer.exe
3842,League of Legends.exe
3843,firefox.exe
3844,League of Legends.exe
3845,firefox.exe
3846,League of Legends.exe
3847,firefox.exe
3848,League of Legends.exe
3849,firefox.exe
3850,League of Legends.exe
3851,LeagueClientUx.exe
3852,firefox.exe
3853,LeagueClientUx.exe
3854,firefox.exe
3855,LeagueClientUx.exe
3856,firefox.exe
3857,LeagueClientUx.exe
3858,firefox.exe
3859,LeagueClientUx.exe
3860,firefox.exe
3861,LeagueClientUx.exe
3862,firefox.exe
3863,LeagueClientUx.exe
3864,firefox.exe
3865,LeagueClientUx.exe
3866,firefox.exe
3867,LeagueClientUx.exe
3868,firefox.exe
3869,League of Legends.exe
3870,LeagueClientUx.exe
3871,firefox.exe
3872,LeagueClientUx.exe
3873,firefox.exe
3874,LeagueClientUx.exe
3875,firefox.exe
3876,LeagueClientUx.exe
3877,firefox.exe
3878,League of Legends.exe
3879,firefox.exe
3880,League of Legends.exe
3881,explorer.exe
3882,League of Legends.exe
3883,LeagueClientUx.exe
3884,firefox.exe
3885,explorer.exe
3886,Spotify.exe
3887,firefox.exe
3888,explorer.exe
3889,SearchApp.exe
3890,firefox.exe
3891,explorer.exe
3892,firefox.exe
3893,explorer.exe
3894,Discord.exe
3895,firefox.exe
3896,Discord.exe
3897,firefox.exe
3898,explorer.exe
3899,LeagueClientUx.exe
3900,firefox.exe
3901,explorer.exe
3902,cmd.exe
3903,<s>
3904,firefox.exe
3905,SearchApp.exe
3906,WeChat.exe
3907,explorer.exe
3908,Zoom.exe
3909,explorer.exe
3910,WeChat.exe
3911,WechatBrowser.exe
3912,WeChat.exe
3913,WechatBrowser.exe
3914,WeChat.exe
3915,WechatBrowser.exe
3916,WeChat.exe
3917,WechatBrowser.exe
3918,Zoom.exe
3919,WeChat.exe
3920,Zoom.exe
3921,WechatBrowser.exe
3922,firefox.exe
3923,WeChat.exe
3924,firefox.exe
3925,Zoom.exe
3926,firefox.exe
3927,explorer.exe
3928,firefox.exe
3929,Zoom.exe
3930,firefox.exe
3931,Zoom.exe
3932,firefox.exe
3933,Zoom.exe
3934,firefox.exe
3935,explorer.exe
3936,WeChat.exe
3937,explorer.exe
3938,7zFM.exe
3939,explorer.exe
3940,7zFM.exe
3941,explorer.exe
3942,Zoom.exe
3943,explorer.exe
3944,Zoom.exe
3945,firefox.exe
3946,Zoom.exe
3947,firefox.exe
3948,Zoom.exe
3949,firefox.exe
3950,Zoom.exe
3951,firefox.exe
3952,Zoom.exe
3953,firefox.exe
3954,Zoom.exe
3955,firefox.exe
3956,Zoom.exe
3957,firefox.exe
3958,Zoom.exe
3959,firefox.exe
3960,Zoom.exe
3961,cmd.exe
3962,firefox.exe
3963,AMDBugReportForm.exe
3964,firefox.exe
3965,Zoom.exe
3966,firefox.exe
3967,Zoom.exe
3968,firefox.exe
3969,Zoom.exe
3970,firefox.exe
3971,Zoom.exe
3972,firefox.exe
3973,Zoom.exe
3974,firefox.exe
3975,Zoom.exe
3976,firefox.exe
3977,Zoom.exe
3978,explorer.exe
3979,Teams.exe
3980,OUTLOOK.EXE
3981,Teams.exe
3982,explorer.exe
3983,Discord.exe
3984,OUTLOOK.EXE
3985,firefox.exe
3986,OUTLOOK.EXE
3987,firefox.exe
3988,Zoom.exe
3989,firefox.exe
3990,Zoom.exe
3991,firefox.exe
3992,explorer.exe
3993,firefox.exe
3994,Zoom.exe
3995,explorer.exe
3996,firefox.exe
3997,Zoom.exe
3998,firefox.exe
3999,Zoom.exe
4000,OUTLOOK.EXE
4001,Zoom.exe
4002,OUTLOOK.EXE
4003,firefox.exe
4004,OUTLOOK.EXE
4005,Zoom.exe
4006,firefox.exe
4007,Installer.exe
4008,firefox.exe
4009,Zoom.exe
4010,firefox.exe
4011,explorer.exe
4012,firefox.exe
4013,explorer.exe
4014,WeChat.exe
4015,explorer.exe
4016,WeChat.exe
4017,firefox.exe
4018,explorer.exe
4019,cmd.exe
4020,firefox.exe
4021,explorer.exe
4022,msedge.exe
4023,explorer.exe
4024,Acrobat.exe
4025,RiotClientUx.exe
4026,firefox.exe
4027,explorer.exe
4028,LeagueClientUx.exe
4029,Spotify.exe
4030,explorer.exe
4031,LeagueClientUx.exe
4032,Spotify.exe
4033,explorer.exe
4034,LeagueClientUx.exe
4035,firefox.exe
4036,LeagueClientUx.exe
4037,firefox.exe
4038,LeagueClientUx.exe
4039,firefox.exe
4040,LeagueClientUx.exe
4041,firefox.exe
4042,LeagueClientUx.exe
4043,firefox.exe
4044,Spotify.exe
4045,firefox.exe
4046,explorer.exe
4047,firefox.exe
4048,League of Legends.exe
4049,Spotify.exe
4050,explorer.exe
4051,League of Legends.exe
4052,LeagueClientUx.exe
4053,firefox.exe
4054,explorer.exe
4055,Spotify.exe
4056,firefox.exe
4057,LeagueClientUx.exe
4058,firefox.exe
4059,LeagueClientUx.exe
4060,firefox.exe
4061,LeagueClientUx.exe
4062,firefox.exe
4063,LeagueClientUx.exe
4064,firefox.exe
4065,LeagueClientUx.exe
4066,firefox.exe
4067,LeagueClientUx.exe
4068,firefox.exe
4069,League of Legends.exe
4070,firefox.exe
4071,League of Legends.exe
4072,firefox.exe
4073,League of Legends.exe
4074,firefox.exe
4075,LeagueClientUx.exe
4076,firefox.exe
4077,LeagueClientUx.exe
4078,firefox.exe
4079,LeagueClientUx.exe
4080,firefox.exe
4081,LeagueClientUx.exe
4082,firefox.exe
4083,LeagueClientUx.exe
4084,League of Legends.exe
4085,firefox.exe
4086,explorer.exe
4087,League of Legends.exe
4088,explorer.exe
4089,LeagueClientUx.exe
4090,firefox.exe
4091,explorer.exe
4092,cmd.exe
4093,firefox.exe
4094,explorer.exe
4095,WeChat.exe
4096,firefox.exe
4097,WeChat.exe
4098,firefox.exe
4099,WeChat.exe
4100,firefox.exe
4101,explorer.exe
4102,LeagueClientUx.exe
4103,explorer.exe
4104,cmd.exe
4105,LeagueClientUx.exe
4106,firefox.exe
4107,LeagueClientUx.exe
4108,firefox.exe
4109,LeagueClientUx.exe
4110,firefox.exe
4111,explorer.exe
4112,cmd.exe
4113,<s>
4114,Discord.exe
4115,Teams.exe
4116,explorer.exe
4117,firefox.exe
4118,explorer.exe
4119,RiotClientUx.exe
4120,LeagueClient.exe
4121,LeagueClientUx.exe
4122,firefox.exe
4123,LeagueClientUx.exe
4124,explorer.exe
4125,LeagueClientUx.exe
4126,firefox.exe
4127,LeagueClientUx.exe
4128,firefox.exe
4129,LeagueClientUx.exe
4130,firefox.exe
4131,LeagueClientUx.exe
4132,firefox.exe
4133,LeagueClientUx.exe
4134,firefox.exe
4135,LeagueClientUx.exe
4136,firefox.exe
4137,LeagueClientUx.exe
4138,firefox.exe
4139,LeagueClientUx.exe
4140,firefox.exe
4141,explorer.exe
4142,firefox.exe
4143,League of Legends.exe
4144,firefox.exe
4145,League of Legends.exe
4146,firefox.exe
4147,explorer.exe
4148,League of Legends.exe
4149,firefox.exe
4150,explorer.exe
4151,League of Legends.exe
4152,firefox.exe
4153,LeagueClientUx.exe
4154,firefox.exe
4155,LeagueClientUx.exe
4156,firefox.exe
4157,LeagueClientUx.exe
4158,firefox.exe
4159,LeagueClientUx.exe
4160,firefox.exe
4161,LeagueClientUx.exe
4162,firefox.exe
4163,LeagueClientUx.exe
4164,firefox.exe
4165,LeagueClientUx.exe
4166,firefox.exe
4167,LeagueClientUx.exe
4168,firefox.exe
4169,Teams.exe
4170,firefox.exe
4171,explorer.exe
4172,League of Legends.exe
4173,firefox.exe
4174,League of Legends.exe
4175,LeagueClientUx.exe
4176,firefox.exe
4177,LeagueClientUx.exe
4178,firefox.exe
4179,LeagueClientUx.exe
4180,firefox.exe
4181,League of Legends.exe
4182,firefox.exe
4183,explorer.exe
4184,League of Legends.exe
4185,firefox.exe
4186,League of Legends.exe
4187,firefox.exe
4188,League of Legends.exe
4189,firefox.exe
4190,LeagueClientUx.exe
4191,firefox.exe
4192,LeagueClientUx.exe
4193,firefox.exe
4194,League of Legends.exe
4195,firefox.exe
4196,League of Legends.exe
4197,firefox.exe
4198,LeagueClientUx.exe
4199,firefox.exe
4200,LeagueClientUx.exe
4201,firefox.exe
4202,LeagueClientUx.exe
4203,firefox.exe
4204,League of Legends.exe
4205,firefox.exe
4206,LeagueClientUx.exe
4207,firefox.exe
4208,LeagueClientUx.exe
4209,firefox.exe
4210,LeagueClientUx.exe
4211,firefox.exe
4212,LeagueClientUx.exe
4213,firefox.exe
4214,LeagueClientUx.exe
4215,firefox.exe
4216,League of Legends.exe
4217,firefox.exe
4218,League of Legends.exe
4219,firefox.exe
4220,LeagueClientUx.exe
4221,firefox.exe
4222,LeagueClientUx.exe
4223,firefox.exe
4224,LeagueClientUx.exe
4225,firefox.exe
4226,LeagueClientUx.exe
4227,firefox.exe
4228,LeagueClientUx.exe
4229,firefox.exe
4230,LeagueClientUx.exe
4231,firefox.exe
4232,LeagueClientUx.exe
4233,firefox.exe
4234,LeagueClientUx.exe
4235,firefox.exe
4236,LeagueClientUx.exe
4237,firefox.exe
4238,explorer.exe
4239,firefox.exe
4240,explorer.exe
4241,League of Legends.exe
4242,firefox.exe
4243,League of Legends.exe
4244,firefox.exe
4245,League of Legends.exe
4246,firefox.exe
4247,LeagueClientUx.exe
4248,firefox.exe
4249,LeagueClientUx.exe
4250,explorer.exe
4251,LeagueClientUx.exe
4252,firefox.exe
4253,LeagueClientUx.exe
4254,firefox.exe
4255,LeagueClientUx.exe
4256,firefox.exe
4257,LeagueClientUx.exe
4258,firefox.exe
4259,LeagueClientUx.exe
4260,firefox.exe
4261,League of Legends.exe
4262,firefox.exe
4263,League of Legends.exe
4264,firefox.exe
4265,League of Legends.exe
4266,firefox.exe
4267,League of Legends.exe
4268,firefox.exe
4269,League of Legends.exe
4270,firefox.exe
4271,LeagueClientUx.exe
4272,firefox.exe
4273,LeagueClientUx.exe
4274,firefox.exe
4275,LeagueClientUx.exe
4276,firefox.exe
4277,LeagueClientUx.exe
4278,firefox.exe
4279,LeagueClientUx.exe
4280,firefox.exe
4281,LeagueClientUx.exe
4282,firefox.exe
4283,LeagueClientUx.exe
4284,firefox.exe
4285,LeagueClientUx.exe
4286,firefox.exe
4287,explorer.exe
4288,firefox.exe
4289,League of Legends.exe
4290,firefox.exe
4291,League of Legends.exe
4292,firefox.exe
4293,League of Legends.exe
4294,firefox.exe
4295,League of Legends.exe
4296,firefox.exe
4297,League of Legends.exe
4298,firefox.exe
4299,LeagueClientUx.exe
4300,firefox.exe
4301,LeagueClientUx.exe
4302,firefox.exe
4303,explorer.exe
4304,cmd.exe
4305,<s>
4306,firefox.exe
4307,LeagueClientUx.exe
4308,firefox.exe
4309,LeagueClientUx.exe
4310,firefox.exe
4311,LeagueClientUx.exe
4312,firefox.exe
4313,LeagueClientUx.exe
4314,firefox.exe
4315,League of Legends.exe
4316,firefox.exe
4317,League of Legends.exe
4318,firefox.exe
4319,League of Legends.exe
4320,firefox.exe
4321,League of Legends.exe
4322,firefox.exe
4323,League of Legends.exe
4324,firefox.exe
4325,LeagueClientUx.exe
4326,firefox.exe
4327,WeChat.exe
4328,firefox.exe
4329,WeChat.exe
4330,firefox.exe
4331,WeChat.exe
4332,WechatBrowser.exe
4333,WeChat.exe
4334,explorer.exe
4335,WeChat.exe
4336,WechatBrowser.exe
4337,WeChat.exe
4338,WechatBrowser.exe
4339,WeChat.exe
4340,firefox.exe
4341,WeChat.exe
4342,WechatBrowser.exe
4343,firefox.exe
4344,WechatBrowser.exe
4345,WeChat.exe
4346,firefox.exe
4347,Zoom.exe
4348,firefox.exe
4349,WeChat.exe
4350,Zoom.exe
4351,firefox.exe
4352,Zoom.exe
4353,firefox.exe
4354,Zoom.exe
4355,firefox.exe
4356,Zoom.exe
4357,firefox.exe
4358,explorer.exe
4359,WeChat.exe
4360,RiotClientUx.exe
4361,WeChat.exe
4362,LeagueClientUx.exe
4363,firefox.exe
4364,LeagueClientUx.exe
4365,firefox.exe
4366,LeagueClientUx.exe
4367,firefox.exe
4368,LeagueClientUx.exe
4369,firefox.exe
4370,LeagueClientUx.exe
4371,firefox.exe
4372,League of Legends.exe
4373,firefox.exe
4374,League of Legends.exe
4375,LeagueClientUx.exe
4376,firefox.exe
4377,LeagueClientUx.exe
4378,firefox.exe
4379,LeagueClientUx.exe
4380,firefox.exe
4381,LeagueClientUx.exe
4382,League of Legends.exe
4383,firefox.exe
4384,League of Legends.exe
4385,LeagueClientUx.exe
4386,firefox.exe
4387,League of Legends.exe
4388,explorer.exe
4389,Teams.exe
4390,explorer.exe
4391,WeChat.exe
4392,explorer.exe
4393,firefox.exe
4394,explorer.exe
4395,League of Legends.exe
4396,explorer.exe
4397,ShellExperienceHost.exe
4398,explorer.exe
4399,Taskmgr.exe
4400,explorer.exe
4401,WerFault.exe
4402,firefox.exe
4403,LeagueClientUx.exe
4404,RiotClientUx.exe
4405,firefox.exe
4406,explorer.exe
4407,LeagueClientUx.exe
4408,firefox.exe
4409,LeagueClientUx.exe
4410,firefox.exe
4411,LeagueClientUx.exe
4412,firefox.exe
4413,explorer.exe
4414,firefox.exe
4415,League of Legends.exe
4416,firefox.exe
4417,League of Legends.exe
4418,firefox.exe
4419,LeagueClientUx.exe
4420,firefox.exe
4421,WerFault.exe
4422,LeagueClientUx.exe
4423,firefox.exe
4424,LeagueClientUx.exe
4425,firefox.exe
4426,LeagueClientUx.exe
4427,firefox.exe
4428,LeagueClientUx.exe
4429,firefox.exe
4430,LeagueClientUx.exe
4431,firefox.exe
4432,LeagueClientUx.exe
4433,firefox.exe
4434,LeagueClientUx.exe
4435,firefox.exe
4436,LeagueClientUx.exe
4437,firefox.exe
4438,LeagueClientUx.exe
4439,firefox.exe
4440,LeagueClientUx.exe
4441,firefox.exe
4442,explorer.exe
4443,ShellExperienceHost.exe
4444,firefox.exe
4445,League of Legends.exe
4446,firefox.exe
4447,explorer.exe
4448,League of Legends.exe
4449,firefox.exe
4450,League of Legends.exe
4451,firefox.exe
4452,League of Legends.exe
4453,firefox.exe
4454,League of Legends.exe
4455,firefox.exe
4456,League of Legends.exe
4457,firefox.exe
4458,League of Legends.exe
4459,firefox.exe
4460,League of Legends.exe
4461,firefox.exe
4462,League of Legends.exe
4463,explorer.exe
4464,WeChat.exe
4465,explorer.exe
4466,League of Legends.exe
4467,firefox.exe
4468,LeagueClientUx.exe
4469,firefox.exe
4470,LeagueClientUx.exe
4471,firefox.exe
4472,LeagueClientUx.exe
4473,WeChat.exe
4474,LeagueClientUx.exe
4475,firefox.exe
4476,WeChat.exe
4477,LeagueClientUx.exe
4478,WeChat.exe
4479,LeagueClientUx.exe
4480,firefox.exe
4481,LeagueClientUx.exe
4482,firefox.exe
4483,LeagueClientUx.exe
4484,WeChat.exe
4485,League of Legends.exe
4486,WeChat.exe
4487,firefox.exe
4488,WeChat.exe
4489,League of Legends.exe
4490,firefox.exe
4491,League of Legends.exe
4492,WeChat.exe
4493,explorer.exe
4494,League of Legends.exe
4495,firefox.exe
4496,League of Legends.exe
4497,firefox.exe
4498,League of Legends.exe
4499,WeChat.exe
4500,explorer.exe
4501,League of Legends.exe
4502,WeChat.exe
4503,League of Legends.exe
4504,WeChat.exe
4505,firefox.exe
4506,explorer.exe
4507,ShellExperienceHost.exe
4508,LeagueClientUx.exe
4509,explorer.exe
4510,ShellExperienceHost.exe
4511,firefox.exe
4512,LeagueClientUx.exe
4513,WeChat.exe
4514,firefox.exe
4515,LeagueClientUx.exe
4516,firefox.exe
4517,LeagueClientUx.exe
4518,firefox.exe
4519,League of Legends.exe
4520,firefox.exe
4521,explorer.exe
4522,League of Legends.exe
4523,firefox.exe
4524,explorer.exe
4525,firefox.exe
4526,explorer.exe
4527,firefox.exe
4528,explorer.exe
4529,League of Legends.exe
4530,firefox.exe
4531,explorer.exe
4532,League of Legends.exe
4533,firefox.exe
4534,League of Legends.exe
4535,LeagueClientUx.exe
4536,firefox.exe
4537,LeagueClientUx.exe
4538,firefox.exe
4539,LeagueClientUx.exe
4540,firefox.exe
4541,League of Legends.exe
4542,firefox.exe
4543,WeChat.exe
4544,explorer.exe
4545,League of Legends.exe
4546,WeChat.exe
4547,League of Legends.exe
4548,LeagueClientUx.exe
4549,WeChat.exe
4550,LeagueClientUx.exe
4551,WeChat.exe
4552,LeagueClientUx.exe
4553,WeChat.exe
4554,LeagueClientUx.exe
4555,firefox.exe
4556,LeagueClientUx.exe
4557,firefox.exe
4558,WeChat.exe
4559,firefox.exe
4560,WeChat.exe
4561,League of Legends.exe
4562,WeChat.exe
4563,firefox.exe
4564,explorer.exe
4565,League of Legends.exe
4566,firefox.exe
4567,League of Legends.exe
4568,firefox.exe
4569,LeagueClientUx.exe
4570,firefox.exe
4571,LeagueClientUx.exe
4572,firefox.exe
4573,LeagueClientUx.exe
4574,firefox.exe
4575,WeChat.exe
4576,LeagueClientUx.exe
4577,firefox.exe
4578,explorer.exe
4579,firefox.exe
4580,League of Legends.exe
4581,firefox.exe
4582,LeagueClientUx.exe
4583,explorer.exe
4584,cmd.exe
4585,Teams.exe
4586,cmd.exe
4587,explorer.exe
4588,Taskmgr.exe
4589,cmd.exe
4590,<s>
4591,RiotClientUx.exe
4592,firefox.exe
4593,explorer.exe
4594,LeagueClientUx.exe
4595,League of Legends.exe
4596,firefox.exe
4597,League of Legends.exe
4598,firefox.exe
4599,LeagueClientUx.exe
4600,firefox.exe
4601,LeagueClientUx.exe
4602,firefox.exe
4603,LeagueClientUx.exe
4604,firefox.exe
4605,LeagueClientUx.exe
4606,firefox.exe
4607,League of Legends.exe
4608,LeagueClientUx.exe
4609,firefox.exe
4610,LeagueClientUx.exe
4611,firefox.exe
4612,LeagueClientUx.exe
4613,firefox.exe
4614,LeagueClientUx.exe
4615,League of Legends.exe
4616,firefox.exe
4617,League of Legends.exe
4618,LeagueClientUx.exe
4619,firefox.exe
4620,LeagueClientUx.exe
4621,firefox.exe
4622,LeagueClientUx.exe
4623,firefox.exe
4624,LeagueClientUx.exe
4625,firefox.exe
4626,LeagueClientUx.exe
4627,firefox.exe
4628,League of Legends.exe
4629,firefox.exe
4630,League of Legends.exe
4631,firefox.exe
4632,League of Legends.exe
4633,firefox.exe
4634,League of Legends.exe
4635,LeagueClientUx.exe
4636,WerFault.exe
4637,LeagueClientUx.exe
4638,firefox.exe
4639,LeagueClientUx.exe
4640,firefox.exe
4641,LeagueClientUx.exe
4642,firefox.exe
4643,LeagueClientUx.exe
4644,firefox.exe
4645,LeagueClientUx.exe
4646,firefox.exe
4647,League of Legends.exe
4648,firefox.exe
4649,League of Legends.exe
4650,firefox.exe
4651,League of Legends.exe
4652,LeagueClientUx.exe
4653,firefox.exe
4654,LeagueClientUx.exe
4655,firefox.exe
4656,LeagueClientUx.exe
4657,League of Legends.exe
4658,LeagueClientUx.exe
4659,firefox.exe
4660,LeagueClientUx.exe
4661,firefox.exe
4662,LeagueClientUx.exe
4663,firefox.exe
4664,LeagueClientUx.exe
4665,firefox.exe
4666,LeagueClientUx.exe
4667,firefox.exe
4668,League of Legends.exe
4669,firefox.exe
4670,League of Legends.exe
4671,firefox.exe
4672,League of Legends.exe
4673,firefox.exe
4674,League of Legends.exe
4675,firefox.exe
4676,League of Legends.exe
4677,firefox.exe
4678,League of Legends.exe
4679,firefox.exe
4680,LeagueClientUx.exe
4681,firefox.exe
4682,LeagueClientUx.exe
4683,firefox.exe
4684,LeagueClientUx.exe
4685,firefox.exe
4686,LeagueClientUx.exe
4687,firefox.exe
4688,LeagueClientUx.exe
4689,firefox.exe
4690,LeagueClientUx.exe
4691,firefox.exe
4692,League of Legends.exe
4693,firefox.exe
4694,League of Legends.exe
4695,firefox.exe
4696,League of Legends.exe
4697,LeagueClientUx.exe
4698,firefox.exe
4699,LeagueClientUx.exe
4700,firefox.exe
4701,LeagueClientUx.exe
4702,firefox.exe
4703,LeagueClientUx.exe
4704,firefox.exe
4705,League of Legends.exe
4706,firefox.exe
4707,League of Legends.exe
4708,firefox.exe
4709,League of Legends.exe
4710,LeagueClientUx.exe
4711,firefox.exe
4712,LeagueClientUx.exe
4713,firefox.exe
4714,LeagueClientUx.exe
4715,League of Legends.exe
4716,LeagueClientUx.exe
4717,firefox.exe
4718,LeagueClientUx.exe
4719,firefox.exe
4720,LeagueClientUx.exe
4721,firefox.exe
4722,LeagueClientUx.exe
4723,firefox.exe
4724,LeagueClientUx.exe
4725,firefox.exe
4726,LeagueClientUx.exe
4727,firefox.exe
4728,League of Legends.exe
4729,firefox.exe
4730,League of Legends.exe
4731,firefox.exe
4732,League of Legends.exe
4733,LeagueClientUx.exe
4734,firefox.exe
4735,LeagueClientUx.exe
4736,firefox.exe
4737,LeagueClientUx.exe
4738,firefox.exe
4739,LeagueClientUx.exe
4740,firefox.exe
4741,LeagueClientUx.exe
4742,firefox.exe
4743,cmd.exe
4744,League of Legends.exe
4745,firefox.exe
4746,League of Legends.exe
4747,firefox.exe
4748,League of Legends.exe
4749,firefox.exe
4750,League of Legends.exe
4751,firefox.exe
4752,League of Legends.exe
4753,LeagueClientUx.exe
4754,firefox.exe
4755,LeagueClientUx.exe
4756,firefox.exe
4757,LeagueClientUx.exe
4758,firefox.exe
4759,LeagueClientUx.exe
4760,firefox.exe
4761,LeagueClientUx.exe
4762,League of Legends.exe
4763,LeagueClientUx.exe
4764,firefox.exe
4765,LeagueClientUx.exe
4766,firefox.exe
4767,LeagueClientUx.exe
4768,firefox.exe
4769,LeagueClientUx.exe
4770,League of Legends.exe
4771,firefox.exe
4772,League of Legends.exe
4773,firefox.exe
4774,League of Legends.exe
4775,firefox.exe
4776,League of Legends.exe
4777,LeagueClientUx.exe
4778,firefox.exe
4779,LeagueClientUx.exe
4780,firefox.exe
4781,LeagueClientUx.exe
4782,firefox.exe
4783,LeagueClientUx.exe
4784,firefox.exe
4785,explorer.exe
4786,firefox.exe
4787,League of Legends.exe
4788,LeagueClientUx.exe
4789,explorer.exe
4790,SearchApp.exe
4791,LeagueClientUx.exe
4792,firefox.exe
4793,audacity.exe
4794,firefox.exe
4795,audacity.exe
4796,LeagueClientUx.exe
4797,audacity.exe
4798,LeagueClientUx.exe
4799,firefox.exe
4800,LeagueClientUx.exe
4801,firefox.exe
4802,LeagueClientUx.exe
4803,firefox.exe
4804,LeagueClientUx.exe
4805,audacity.exe
4806,LeagueClientUx.exe
4807,firefox.exe
4808,LeagueClientUx.exe
4809,firefox.exe
4810,LeagueClientUx.exe
4811,firefox.exe
4812,LeagueClientUx.exe
4813,firefox.exe
4814,LeagueClientUx.exe
4815,firefox.exe
4816,LeagueClientUx.exe
4817,firefox.exe
4818,League of Legends.exe
4819,firefox.exe
4820,League of Legends.exe
4821,LeagueClientUx.exe
4822,audacity.exe
4823,LeagueClientUx.exe
4824,firefox.exe
4825,audacity.exe
4826,firefox.exe
4827,LeagueClientUx.exe
4828,firefox.exe
4829,LeagueClientUx.exe
4830,firefox.exe
4831,LeagueClientUx.exe
4832,firefox.exe
4833,League of Legends.exe
4834,explorer.exe
4835,League of Legends.exe
4836,explorer.exe
4837,League of Legends.exe
4838,LeagueClientUx.exe
4839,firefox.exe
4840,LeagueClientUx.exe
4841,firefox.exe
4842,LeagueClientUx.exe
4843,firefox.exe
4844,LeagueClientUx.exe
4845,firefox.exe
4846,LeagueClientUx.exe
4847,firefox.exe
4848,League of Legends.exe
4849,firefox.exe
4850,League of Legends.exe
4851,firefox.exe
4852,League of Legends.exe
4853,LeagueClientUx.exe
4854,firefox.exe
4855,LeagueClientUx.exe
4856,firefox.exe
4857,LeagueClientUx.exe
4858,firefox.exe
4859,LeagueClientUx.exe
4860,firefox.exe
4861,League of Legends.exe
4862,firefox.exe
4863,League of Legends.exe
4864,LeagueClientUx.exe
4865,firefox.exe
4866,LeagueClientUx.exe
4867,firefox.exe
4868,LeagueClientUx.exe
4869,League of Legends.exe
4870,firefox.exe
4871,League of Legends.exe
4872,LeagueClientUx.exe
4873,firefox.exe
4874,LeagueClientUx.exe
4875,firefox.exe
4876,LeagueClientUx.exe
4877,firefox.exe
4878,LeagueClientUx.exe
4879,firefox.exe
4880,League of Legends.exe
4881,firefox.exe
4882,League of Legends.exe
4883,firefox.exe
4884,League of Legends.exe
4885,LeagueClientUx.exe
4886,firefox.exe
4887,LeagueClientUx.exe
4888,firefox.exe
4889,LeagueClientUx.exe
4890,League of Legends.exe
4891,firefox.exe
4892,League of Legends.exe
4893,LeagueClientUx.exe
4894,firefox.exe
4895,LeagueClientUx.exe
4896,firefox.exe
4897,LeagueClientUx.exe
4898,firefox.exe
4899,LeagueClientUx.exe
4900,firefox.exe
4901,LeagueClientUx.exe
4902,firefox.exe
4903,LeagueClientUx.exe
4904,firefox.exe
4905,LeagueClientUx.exe
4906,firefox.exe
4907,League of Legends.exe
4908,firefox.exe
4909,League of Legends.exe
4910,firefox.exe
4911,League of Legends.exe
4912,LeagueClientUx.exe
4913,firefox.exe
4914,LeagueClientUx.exe
4915,firefox.exe
4916,cmd.exe
